Network model,Release,IE-Type,Platform name,Throughput-INT8,Throughput-FP16,Throughput-FP32,Value,Efficiency,Price,TDP,Sockets,Price/Socket,TDP/Socket,Latency,UOM_T,UOM_V,UOM_E,UOM_L,Latency_FP16,Latency_FP32,Latency_int4,Throughput_INT4
begin_rec," "," "," "," "," "," "," "," "," "," "," "," "," "," ",FPS,FPS/$,FPS/TDP,msec.,,,,
bert-base-cased,OV-2023.2,core,"Intel® Core™ i3-8100 ",21.27,,,0.181806756,0.327252161,117,65,1,117,65,48.62,FPS,FPS/$,FPS/TDP,msec.,,,,
bert-base-cased,OV-2023.2,core,"Intel® Core™ i5-10500TE ",32.04,,21.72,0.14973184,0.492963288,214,65,1,214,65,36.77,FPS,FPS/$,FPS/TDP,msec.,,,,
bert-base-cased,OV-2023.2,core,"Intel® Core™ i5-13600K ",112.78,,45.21,0.342791048,0.902226038,329,125,1,329,125,17.53,FPS,FPS/$,FPS/TDP,msec.,,,,
bert-base-cased,OV-2023.2,core,"Intel® Core™ i7-1185G7 ",50.11,,18.36,0.117624613,1.789574472,426,28,1,426,28,23.39,FPS,FPS/$,FPS/TDP,msec.,,,,
bert-base-cased,OV-2023.2,core,"Intel® Core™ i7-1185GRE ",38.17,,13.67,0.077905823,1.363351907,490,28,1,490,28,29.4,FPS,FPS/$,FPS/TDP,msec.,,,,
bert-base-cased,OV-2023.2,core,"Intel® Core™ i7-12700H ",88.62,,35.37,0.176531477,0.770598275,502,115,1,502,115,17.1,FPS,FPS/$,FPS/TDP,msec.,,,,
bert-base-cased,OV-2023.2,core,"Intel® Core™ i7-8700T ",27.47,,18.34,0.090674623,0.784983161,303,35,1,303,35,43.1,FPS,FPS/$,FPS/TDP,msec.,,,,
bert-base-cased,OV-2023.2,core,"Intel® Core™ i9-10900TE ",33.58,,21.38,0.068818287,0.959523541,488,35,1,488,35,37.7,FPS,FPS/$,FPS/TDP,msec.,,,,
bert-base-cased,OV-2023.2,core,"Intel® Core™ i9-12900TE ",52.74,,20.43,0.096957323,1.506993824,544,35,1,544,35,23.05,FPS,FPS/$,FPS/TDP,msec.,,,,
bert-base-cased,OV-2023.2,core,"Intel® Core™ i9-13900K ",164.86,,66.26,0.275218909,1.318849011,599,125,1,599,125,13.76,FPS,FPS/$,FPS/TDP,msec.,,,,
bert-base-cased,OV-2023.2,xeon,"Intel® Xeon® W1290P ",50.94,,33.27,0.085752466,0.407495717,594,125,1,594,125,29.19,FPS,FPS/$,FPS/TDP,msec.,,,,
bert-base-cased,OV-2023.2,xeon,"Intel® Xeon® E-2124G ",20.73,,,0.083238187,0.291919838,249,71,1,249,71,49.54,FPS,FPS/$,FPS/TDP,msec.,,,,
bert-base-cased,OV-2023.2,xeon,"Intel® Xeon® Gold 5218T ",215.86,,80.31,0.068658907,1.027921924,3144,210,2,1572,105,14.03,FPS,FPS/$,FPS/TDP,msec.,,,,
bert-base-cased,OV-2023.2,xeon,"Intel® Xeon® Platinum 8270 ",569.64,,222.97,0.033599223,1.38936884,16954,410,2,8477,205,7.97,FPS,FPS/$,FPS/TDP,msec.,,,,
bert-base-cased,OV-2023.2,xeon,"Intel® Xeon® Platinum 8380 ",876.04,,336.63,0.046802151,1.62230123,18718,540,2,9359,270,,FPS,FPS/$,FPS/TDP,msec.,,,,
bert-base-cased,OV-2023.2,xeon,"Intel® Xeon® Platinum 8490H ",3131.74,,505.87,0.092110048,4.473916611,34000,700,2,17000,350,4.14,FPS,FPS/$,FPS/TDP,msec.,,,,
bert-base-cased,OV-2023.2,xeon,"Intel® Xeon® Silver 4216R ",205.61,,76.34,0.101684156,1.028026818,2022,200,2,1011,100,14.66,FPS,FPS/$,FPS/TDP,msec.,,,,
bert-base-cased,OV-2023.2,xeon,"Intel® Xeon® Silver 4316 ",423.53,,166.33,0.186249767,1.411773236,2274,300,2,1137,150,,FPS,FPS/$,FPS/TDP,msec.,,,,
bert-base-cased,OV-2023.2,accel,"Intel® Data Center GPU Flex 170 ",824.04,680.35,,0.428072727,5.4936,1925,150,1,1925,150,19.37,FPS,FPS/$,FPS/TDP,msec.,,,,
bert-base-cased,OV-2023.2,mobile,"Intel® Arc®A-Series Graphics ",620.32,554.08,,1.932461059,4.135466667,321,150,1,321,150,25.63,FPS,FPS/$,FPS/TDP,msec.,,,,
bert-base-cased,OV-2023.2,core-iGPU,"Intel® Core™ i7-1185G7 ",83.66,60.2,42.14,0.196386523,2.987880669,426,28,1,426,28,47.28,FPS,FPS/$,FPS/TDP,msec.,,,,
bert-base-cased,OV-2023.2,core-iGPU,"Intel® Core™ i7-1185GRE ",72.43,55.39,36.92,0.147824883,2.586935446,490,28,1,490,28,55.03,FPS,FPS/$,FPS/TDP,msec.,,,,
bert-base-cased,OV-2023.2,core-iGPU,"Intel® Core™ i7-12700H ",91.52,64.83,46.37,0.182307776,0.795813076,502,115,1,502,115,43.39,FPS,FPS/$,FPS/TDP,msec.,,,,
bert-base-cased,OV-2023.2,core-CPU+iGPU,Intel® Core™ i7-1185G7,94.49,,39.79,0.221801287,3.374548146,426,28,1,426,28,,FPS,FPS/$,FPS/TDP,msec.,,,,
bert-base-cased,OV-2023.2,core-CPU+iGPU,Intel® Core™ i7-12700H,88.79,,35.19,0.176881135,0.772124606,502,115,1,502,115,,FPS,FPS/$,FPS/TDP,msec.,,,,
end_rec,,,,,,,,,,,,,,,,,,,,,,
begin_rec," "," "," "," "," "," "," "," "," "," "," "," "," "," ",FPS,FPS/$,FPS/TDP,msec.,,,,
bert-large-uncased-whole-word-masking-squad-0001,OV-2023.2,core,"Intel® Core™ i3-8100 ",2.09,,,0.017891061,0.03220391,117,65,1,117,65,493.93,FPS,FPS/$,FPS/TDP,msec.,,,,
bert-large-uncased-whole-word-masking-squad-0001,OV-2023.2,core,"Intel® Core™ i5-10500TE ",2.98,,1.86,0.013930478,0.04586342,214,65,1,214,65,351.2,FPS,FPS/$,FPS/TDP,msec.,,,,
bert-large-uncased-whole-word-masking-squad-0001,OV-2023.2,core,"Intel® Core™ i5-13600K ",10.07,,3.75,0.030616391,0.08058234,329,125,1,329,125,156.29,FPS,FPS/$,FPS/TDP,msec.,,,,
bert-large-uncased-whole-word-masking-squad-0001,OV-2023.2,core,"Intel® Core™ i7-1185G7 ",5.07,,1.63,0.011890918,0.180911826,426,28,1,426,28,219.53,FPS,FPS/$,FPS/TDP,msec.,,,,
bert-large-uncased-whole-word-masking-squad-0001,OV-2023.2,core,"Intel® Core™ i7-1185GRE ",3.78,,1.21,0.007712877,0.134975353,490,28,1,490,28,267.11,FPS,FPS/$,FPS/TDP,msec.,,,,
bert-large-uncased-whole-word-masking-squad-0001,OV-2023.2,core,"Intel® Core™ i7-12700H ",8.31,,3.08,0.016551004,0.072248731,502,115,1,502,115,155.69,FPS,FPS/$,FPS/TDP,msec.,,,,
bert-large-uncased-whole-word-masking-squad-0001,OV-2023.2,core,"Intel® Core™ i7-8700T ",2.7,,1.61,0.008901543,0.077061932,303,35,1,303,35,411.88,FPS,FPS/$,FPS/TDP,msec.,,,,
bert-large-uncased-whole-word-masking-squad-0001,OV-2023.2,core,"Intel® Core™ i9-10900TE ",3.28,,1.99,0.006716525,0.093647542,488,35,1,488,35,331.95,FPS,FPS/$,FPS/TDP,msec.,,,,
bert-large-uncased-whole-word-masking-squad-0001,OV-2023.2,core,"Intel® Core™ i9-12900TE ",5.12,,1.83,0.009408896,0.146241133,544,35,1,544,35,210.03,FPS,FPS/$,FPS/TDP,msec.,,,,
bert-large-uncased-whole-word-masking-squad-0001,OV-2023.2,core,"Intel® Core™ i9-13900K ",15.37,,5.95,0.025653939,0.122933677,599,125,1,599,125,113.51,FPS,FPS/$,FPS/TDP,msec.,,,,
bert-large-uncased-whole-word-masking-squad-0001,OV-2023.2,xeon,"Intel® Xeon® W1290P ",4.65,,3.11,0.007825777,0.037188092,594,125,1,594,125,228.25,FPS,FPS/$,FPS/TDP,msec.,,,,
bert-large-uncased-whole-word-masking-squad-0001,OV-2023.2,xeon,"Intel® Xeon® E-2124G ",2.11,,,0.008459423,0.029667554,249,71,1,249,71,484.55,FPS,FPS/$,FPS/TDP,msec.,,,,
bert-large-uncased-whole-word-masking-squad-0001,OV-2023.2,xeon,"Intel® Xeon® Gold 5218T ",20.81,,6.91,0.006618551,0.099089164,3144,210,2,1572,105,106.59,FPS,FPS/$,FPS/TDP,msec.,,,,
bert-large-uncased-whole-word-masking-squad-0001,OV-2023.2,xeon,"Intel® Xeon® Platinum 8270 ",50.63,,17.75,0.002986375,0.123490248,16954,410,2,8477,205,54.45,FPS,FPS/$,FPS/TDP,msec.,,,,
bert-large-uncased-whole-word-masking-squad-0001,OV-2023.2,xeon,"Intel® Xeon® Platinum 8380 ",66.76,,27.44,0.003566507,0.123625706,18718,540,2,9359,270,231.49,FPS,FPS/$,FPS/TDP,msec.,,,,
bert-large-uncased-whole-word-masking-squad-0001,OV-2023.2,xeon,"Intel® Xeon® Platinum 8490H ",250.47,,45.77,0.007366626,0.357807563,34000,700,2,17000,350,27.75,FPS,FPS/$,FPS/TDP,msec.,,,,
bert-large-uncased-whole-word-masking-squad-0001,OV-2023.2,xeon,"Intel® Xeon® Silver 4216R ",20.73,,6.57,0.010253761,0.103665525,2022,200,2,1011,100,106.9,FPS,FPS/$,FPS/TDP,msec.,,,,
bert-large-uncased-whole-word-masking-squad-0001,OV-2023.2,xeon,"Intel® Xeon® Silver 4316 ",38.85,,14.53,0.017084082,0.129497339,2274,300,2,1137,150,156.69,FPS,FPS/$,FPS/TDP,msec.,,,,
bert-large-uncased-whole-word-masking-squad-0001,OV-2023.2,accel,"Intel® Data Center GPU Flex 170 ",148.54,102.98,,0.077163636,0.990266667,1925,150,1,1925,150,107.19,FPS,FPS/$,FPS/TDP,msec.,,,,
bert-large-uncased-whole-word-masking-squad-0001,OV-2023.2,mobile,"Intel® Arc®A-Series Graphics ",127.99,94.72,,0.398722741,0.853266667,321,150,1,321,150,124.58,FPS,FPS/$,FPS/TDP,msec.,,,,
bert-large-uncased-whole-word-masking-squad-0001,OV-2023.2,core-iGPU,"Intel® Core™ i7-1185G7 ",9.07,6.62,4.27,0.021300354,0.324069672,426,28,1,426,28,452.44,FPS,FPS/$,FPS/TDP,msec.,,,,
bert-large-uncased-whole-word-masking-squad-0001,OV-2023.2,core-iGPU,"Intel® Core™ i7-1185GRE ",5.39,5.77,3.01,0.010997629,0.192458512,490,28,1,490,28,741.24,FPS,FPS/$,FPS/TDP,msec.,,,,
bert-large-uncased-whole-word-masking-squad-0001,OV-2023.2,core-iGPU,"Intel® Core™ i7-12700H ",10.54,7.57,5,0.020993192,0.091639847,502,115,1,502,115,379.08,FPS,FPS/$,FPS/TDP,msec.,,,,
bert-large-uncased-whole-word-masking-squad-0001,OV-2023.2,core-CPU+iGPU,Intel® Core™ i7-1185G7,8.49,,3.46,0.019924379,0.303135193,426,28,1,426,28,,FPS,FPS/$,FPS/TDP,msec.,,,,
bert-large-uncased-whole-word-masking-squad-0001,OV-2023.2,core-CPU+iGPU,Intel® Core™ i7-12700H,8.53,,3.01,0.016984592,0.074141435,502,115,1,502,115,,FPS,FPS/$,FPS/TDP,msec.,,,,
end_rec,,,,,,,,,,,,,,,,,,,,,,
begin_rec," "," "," "," "," "," "," "," "," "," "," "," "," "," ",FPS,FPS/$,FPS/TDP,msec.,,,,
deeplabv3,OV-2023.2,atom,"Intel® Atom® X6425E ",4.66,,2.87,0.0695161,0.38813156,67,12,1,67,12,219.16,FPS,FPS/$,FPS/TDP,msec.,,,,
deeplabv3,OV-2023.2,core,"Intel® Core™ i3-8100 ",22,,14.03,0.188066738,0.338520129,117,65,1,117,65,45.56,FPS,FPS/$,FPS/TDP,msec.,,,,
deeplabv3,OV-2023.2,core,"Intel® Core™ i5-10500TE ",35.15,,16.61,0.164230477,0.540697263,214,65,1,214,65,33.27,FPS,FPS/$,FPS/TDP,msec.,,,,
deeplabv3,OV-2023.2,core,"Intel® Core™ i5-13600K ",101.57,,41.76,0.308715901,0.812540252,329,125,1,329,125,16.21,FPS,FPS/$,FPS/TDP,msec.,,,,
deeplabv3,OV-2023.2,core,"Intel® Core™ i7-1185G7 ",52.36,,16.31,0.122909569,1.869981298,426,28,1,426,28,19.93,FPS,FPS/$,FPS/TDP,msec.,,,,
deeplabv3,OV-2023.2,core,"Intel® Core™ i7-1185GRE ",31.69,,9.45,0.064675917,1.131828546,490,28,1,490,28,29.7,FPS,FPS/$,FPS/TDP,msec.,,,,
deeplabv3,OV-2023.2,core,"Intel® Core™ i7-12700H ",74.8,,29.13,0.148997595,0.650406894,502,115,1,502,115,16.96,FPS,FPS/$,FPS/TDP,msec.,,,,
deeplabv3,OV-2023.2,core,"Intel® Core™ i7-8700T ",32.22,,18.38,0.106336326,0.920568767,303,35,1,303,35,37.52,FPS,FPS/$,FPS/TDP,msec.,,,,
deeplabv3,OV-2023.2,core,"Intel® Core™ i9-10900TE ",39.4,,18.25,0.080732852,1.125646615,488,35,1,488,35,28.44,FPS,FPS/$,FPS/TDP,msec.,,,,
deeplabv3,OV-2023.2,core,"Intel® Core™ i9-12900TE ",58.11,,22.54,0.106818112,1.660258651,544,35,1,544,35,21.65,FPS,FPS/$,FPS/TDP,msec.,,,,
deeplabv3,OV-2023.2,core,"Intel® Core™ i9-13900K ",149.59,,57.89,0.249730428,1.19670821,599,125,1,599,125,12.49,FPS,FPS/$,FPS/TDP,msec.,,,,
deeplabv3,OV-2023.2,atom,"Intel® Processor N200 ",1.72,,1.01,0.008933096,0.287347921,193,6,1,193,6,596.5,FPS,FPS/$,FPS/TDP,msec.,,,,
deeplabv3,OV-2023.2,xeon,"Intel® Xeon® W1290P ",51.12,,19.38,0.086052379,0.408920903,594,125,1,594,125,21.94,FPS,FPS/$,FPS/TDP,msec.,,,,
deeplabv3,OV-2023.2,xeon,"Intel® Xeon® E-2124G ",21.77,,14.75,0.087417917,0.30657833,249,71,1,249,71,45.69,FPS,FPS/$,FPS/TDP,msec.,,,,
deeplabv3,OV-2023.2,xeon,"Intel® Xeon® Gold 5218T ",188.66,,76.86,0.060005221,0.898363884,3144,210,2,1572,105,11.81,FPS,FPS/$,FPS/TDP,msec.,,,,
deeplabv3,OV-2023.2,xeon,"Intel® Xeon® Platinum 8270 ",413.18,,154.25,0.024370745,1.007760011,16954,410,2,8477,205,5.65,FPS,FPS/$,FPS/TDP,msec.,,,,
deeplabv3,OV-2023.2,xeon,"Intel® Xeon® Platinum 8380 ",564.23,,223.46,0.030143626,1.044867398,18718,540,2,9359,270,5.36,FPS,FPS/$,FPS/TDP,msec.,,,,
deeplabv3,OV-2023.2,xeon,"Intel® Xeon® Platinum 8490H ",1001.4,,380.46,0.029452878,1.430568342,34000,700,2,17000,350,3.6,FPS,FPS/$,FPS/TDP,msec.,,,,
deeplabv3,OV-2023.2,xeon,"Intel® Xeon® Silver 4216R ",182.57,,74.43,0.090291219,0.912844229,2022,200,2,1011,100,12.14,FPS,FPS/$,FPS/TDP,msec.,,,,
deeplabv3,OV-2023.2,xeon,"Intel® Xeon® Silver 4316 ",360.93,,138.14,0.158721006,1.203105225,2274,300,2,1137,150,7.04,FPS,FPS/$,FPS/TDP,msec.,,,,
deeplabv3,OV-2023.2,accel,"Intel® Data Center GPU Flex 170 ",732.85,602.34,,0.380701299,4.885666667,1925,150,1,1925,150,21.8,FPS,FPS/$,FPS/TDP,msec.,,,,
deeplabv3,OV-2023.2,mobile,"Intel® Arc®A-Series Graphics ",597.79,484.98,,1.862274143,3.985266667,321,150,1,321,150,26.18,FPS,FPS/$,FPS/TDP,msec.,,,,
deeplabv3,OV-2023.2,celeron,"Intel® Celeron® 6305E ",11.64,,4.56,0.108800903,0.776113111,107,15,1,107,15,87.1,FPS,FPS/$,FPS/TDP,msec.,,,,
deeplabv3,OV-2023.2,atom-iGPU,"Intel® Atom® X6425E ",10.87,11.07,5.64,0.162235297,0.905813741,67,12,1,67,12,367.4,FPS,FPS/$,FPS/TDP,msec.,,,,
deeplabv3,OV-2023.2,core-iGPU,"Intel® Core™ i7-1185G7 ",104.71,48.95,27.69,0.245788716,3.739499752,426,28,1,426,28,37.85,FPS,FPS/$,FPS/TDP,msec.,,,,
deeplabv3,OV-2023.2,core-iGPU,"Intel® Core™ i7-1185GRE ",76.34,36.22,13.67,0.155790026,2.726325447,490,28,1,490,28,52.07,FPS,FPS/$,FPS/TDP,msec.,,,,
deeplabv3,OV-2023.2,core-iGPU,"Intel® Core™ i7-12700H ",113.65,52.72,33.36,0.226404351,0.988304211,502,115,1,502,115,34.81,FPS,FPS/$,FPS/TDP,msec.,,,,
deeplabv3,OV-2023.2,atom-iGPU,"Intel® Processor N200 ",3.65,1.92,1.27,0.018929468,0.608897876,193,6,1,193,6,1094.07,FPS,FPS/$,FPS/TDP,msec.,,,,
deeplabv3,OV-2023.2,celeron-iGPU,"Intel® Celeron® 6305E ",60.3,27.73,16.44,0.563541253,4.019927607,107,15,1,107,15,66.22,FPS,FPS/$,FPS/TDP,msec.,,,,
deeplabv3,OV-2023.2,atom-CPU+iGPU,Intel® Atom® X6425E,11.11,,5.66,0.165766988,0.925532351,67,12,1,67,12,,FPS,FPS/$,FPS/TDP,msec.,,,,
deeplabv3,OV-2023.2,core-CPU+iGPU,Intel® Core™ i7-1185G7,86.78,,24.13,0.203709464,3.099293993,426,28,1,426,28,,FPS,FPS/$,FPS/TDP,msec.,,,,
deeplabv3,OV-2023.2,core-CPU+iGPU,Intel® Core™ i7-12700H,75.71,,28.98,0.150809034,0.658314217,502,115,1,502,115,,FPS,FPS/$,FPS/TDP,msec.,,,,
deeplabv3,OV-2023.2,atom-CPU+iGPU,Intel® Processor N200,4.66,,1.9,0.02413779,0.776432236,193,6,1,193,6,,FPS,FPS/$,FPS/TDP,msec.,,,,
deeplabv3,OV-2023.2,celeron-CPU+iGPU,Intel® Celeron® 6305E,61.15,,16.89,0.571491545,4.076639688,107,15,1,107,15,,FPS,FPS/$,FPS/TDP,msec.,,,,
end_rec,,,,,,,,,,,,,,,,,,,,,,
begin_rec," "," "," "," "," "," "," "," "," "," "," "," "," "," ",FPS,FPS/$,FPS/TDP,msec.,,,,
efficientdet-d0,OV-2023.2,atom,"Intel® Atom® X6425E ",7.29,,5.01,0.108825665,0.607609965,67,12,1,67,12,140.41,FPS,FPS/$,FPS/TDP,msec.,,,,
efficientdet-d0,OV-2023.2,core,"Intel® Core™ i3-8100 ",36.6,,24.31,0.312825835,0.563086504,117,65,1,117,65,28.3,FPS,FPS/$,FPS/TDP,msec.,,,,
efficientdet-d0,OV-2023.2,core,"Intel® Core™ i5-10500TE ",58.84,,29.38,0.274963635,0.90526489,214,65,1,214,65,21.11,FPS,FPS/$,FPS/TDP,msec.,,,,
efficientdet-d0,OV-2023.2,core,"Intel® Core™ i5-13600K ",139.32,,77.22,0.423469775,1.114572447,329,125,1,329,125,11.92,FPS,FPS/$,FPS/TDP,msec.,,,,
efficientdet-d0,OV-2023.2,core,"Intel® Core™ i7-1185G7 ",73.76,,41.07,0.173135416,2.634131687,426,28,1,426,28,15.53,FPS,FPS/$,FPS/TDP,msec.,,,,
efficientdet-d0,OV-2023.2,core,"Intel® Core™ i7-1185GRE ",52.57,,21.48,0.107283018,1.877452816,490,28,1,490,28,20.87,FPS,FPS/$,FPS/TDP,msec.,,,,
efficientdet-d0,OV-2023.2,core,"Intel® Core™ i7-12700H ",114.46,,54.77,0.228008179,0.99530527,502,115,1,502,115,11.88,FPS,FPS/$,FPS/TDP,msec.,,,,
efficientdet-d0,OV-2023.2,core,"Intel® Core™ i7-8700T ",51.93,,34.22,0.171380155,1.483662481,303,35,1,303,35,24.28,FPS,FPS/$,FPS/TDP,msec.,,,,
efficientdet-d0,OV-2023.2,core,"Intel® Core™ i9-10900TE ",66,,35.11,0.135247907,1.885742253,488,35,1,488,35,18.95,FPS,FPS/$,FPS/TDP,msec.,,,,
efficientdet-d0,OV-2023.2,core,"Intel® Core™ i9-12900TE ",75.37,,44.41,0.138556214,2.153559435,544,35,1,544,35,15.52,FPS,FPS/$,FPS/TDP,msec.,,,,
efficientdet-d0,OV-2023.2,core,"Intel® Core™ i9-13900K ",207,,102.36,0.34558245,1.656031103,599,125,1,599,125,9.45,FPS,FPS/$,FPS/TDP,msec.,,,,
efficientdet-d0,OV-2023.2,atom,"Intel® Processor N200 ",2.09,,1.67,0.010853921,0.349134464,193,6,1,193,6,488.71,FPS,FPS/$,FPS/TDP,msec.,,,,
efficientdet-d0,OV-2023.2,xeon,"Intel® Xeon® W1290P ",96.56,,38.61,0.162551411,0.772444305,594,125,1,594,125,14.19,FPS,FPS/$,FPS/TDP,msec.,,,,
efficientdet-d0,OV-2023.2,xeon,"Intel® Xeon® E-2124G ",35.01,,25.27,0.140614523,0.493141075,249,71,1,249,71,29.41,FPS,FPS/$,FPS/TDP,msec.,,,,
efficientdet-d0,OV-2023.2,xeon,"Intel® Xeon® Gold 5218T ",258.46,,164.63,0.082206675,1.23075137,3144,210,2,1572,105,11.88,FPS,FPS/$,FPS/TDP,msec.,,,,
efficientdet-d0,OV-2023.2,xeon,"Intel® Xeon® Platinum 8270 ",518.85,,310.76,0.03060358,1.265495361,16954,410,2,8477,205,7.42,FPS,FPS/$,FPS/TDP,msec.,,,,
efficientdet-d0,OV-2023.2,xeon,"Intel® Xeon® Platinum 8380 ",834.12,,495.89,0.044562362,1.544663516,18718,540,2,9359,270,4.31,FPS,FPS/$,FPS/TDP,msec.,,,,
efficientdet-d0,OV-2023.2,xeon,"Intel® Xeon® Platinum 8490H ",1043.83,,861.5,0.030700901,1.491186629,34000,700,2,17000,350,5.43,FPS,FPS/$,FPS/TDP,msec.,,,,
efficientdet-d0,OV-2023.2,xeon,"Intel® Xeon® Silver 4216R ",248.64,,157.52,0.122967589,1.243202322,2022,200,2,1011,100,12.27,FPS,FPS/$,FPS/TDP,msec.,,,,
efficientdet-d0,OV-2023.2,xeon,"Intel® Xeon® Silver 4316 ",469.81,,293.67,0.206601638,1.566040413,2274,300,2,1137,150,5.89,FPS,FPS/$,FPS/TDP,msec.,,,,
efficientdet-d0,OV-2023.2,accel,"Intel® Data Center GPU Flex 170 ",846.71,825.71,,0.439849351,5.644733333,1925,150,1,1925,150,18.66,FPS,FPS/$,FPS/TDP,msec.,,,,
efficientdet-d0,OV-2023.2,mobile,"Intel® Arc®A-Series Graphics ",582.03,590.73,,1.81317757,3.8802,321,150,1,321,150,26.38,FPS,FPS/$,FPS/TDP,msec.,,,,
efficientdet-d0,OV-2023.2,celeron,"Intel® Celeron® 6305E ",18.06,,11.09,0.168810382,1.204180724,107,15,1,107,15,57.26,FPS,FPS/$,FPS/TDP,msec.,,,,
efficientdet-d0,OV-2023.2,atom-iGPU,"Intel® Atom® X6425E ",19.71,22.48,11.18,0.294253216,1.64291379,67,12,1,67,12,202.28,FPS,FPS/$,FPS/TDP,msec.,,,,
efficientdet-d0,OV-2023.2,core-iGPU,"Intel® Core™ i7-1185G7 ",110.42,90.58,46.89,0.259211675,3.943720484,426,28,1,426,28,35.95,FPS,FPS/$,FPS/TDP,msec.,,,,
efficientdet-d0,OV-2023.2,core-iGPU,"Intel® Core™ i7-1185GRE ",62.89,49.91,23.65,0.128356425,2.246237443,490,28,1,490,28,63.05,FPS,FPS/$,FPS/TDP,msec.,,,,
efficientdet-d0,OV-2023.2,core-iGPU,"Intel® Core™ i7-12700H ",127.71,103.78,54.39,0.254393802,1.110484249,502,115,1,502,115,30.98,FPS,FPS/$,FPS/TDP,msec.,,,,
efficientdet-d0,OV-2023.2,atom-iGPU,"Intel® Processor N200 ",5.53,4.94,2.75,0.028646758,0.921470712,193,6,1,193,6,721.64,FPS,FPS/$,FPS/TDP,msec.,,,,
efficientdet-d0,OV-2023.2,celeron-iGPU,"Intel® Celeron® 6305E ",72.14,60.61,33.85,0.67416085,4.809014065,107,15,1,107,15,55.18,FPS,FPS/$,FPS/TDP,msec.,,,,
efficientdet-d0,OV-2023.2,atom-CPU+iGPU,Intel® Atom® X6425E,20.11,,11.51,0.300186454,1.676041033,67,12,1,67,12,,FPS,FPS/$,FPS/TDP,msec.,,,,
efficientdet-d0,OV-2023.2,core-CPU+iGPU,Intel® Core™ i7-1185G7,101.03,,48.05,0.237159622,3.608214248,426,28,1,426,28,,FPS,FPS/$,FPS/TDP,msec.,,,,
efficientdet-d0,OV-2023.2,core-CPU+iGPU,Intel® Core™ i7-12700H,114.83,,55.31,0.228743548,0.998515312,502,115,1,502,115,,FPS,FPS/$,FPS/TDP,msec.,,,,
efficientdet-d0,OV-2023.2,atom-CPU+iGPU,Intel® Processor N200,5.73,,3.57,0.02969675,0.955245443,193,6,1,193,6,,FPS,FPS/$,FPS/TDP,msec.,,,,
efficientdet-d0,OV-2023.2,celeron-CPU+iGPU,Intel® Celeron® 6305E,56.19,,32.14,0.525162331,3.746157962,107,15,1,107,15,,FPS,FPS/$,FPS/TDP,msec.,,,,
end_rec,,,,,,,,,,,,,,,,,,,,,,
begin_rec," "," "," "," "," "," "," "," "," "," "," "," "," "," ",FPS,FPS/$,FPS/TDP,msec.,,,,
mobilenet-v2,OV-2023.2,atom,"Intel® Atom X6425E ",132.01,,79.71,1.970284257,11.00075377,67,12,1,67,12,7.97,FPS,FPS/$,FPS/TDP,msec.,,,,
mobilenet-v2,OV-2023.2,core,"Intel® Core™ i3-8100 ",536.37,,,4.584338055,8.2518085,117,65,1,117,65,2.02,FPS,FPS/$,FPS/TDP,msec.,,,,
mobilenet-v2,OV-2023.2,core,"Intel® Core™ i5-10500TE ",898.55,,500.27,4.198819473,13.82380565,214,65,1,214,65,1.57,FPS,FPS/$,FPS/TDP,msec.,,,,
mobilenet-v2,OV-2023.2,core,"Intel® Core™ i5-13600K ",2785.11,,1237.02,8.465381323,22.28088364,329,125,1,329,125,0.88,FPS,FPS/$,FPS/TDP,msec.,,,,
mobilenet-v2,OV-2023.2,core,"Intel® Core™ i7-1185G7 ",1347.18,,525.71,3.162388793,48.11348663,426,28,1,426,28,0.86,FPS,FPS/$,FPS/TDP,msec.,,,,
mobilenet-v2,OV-2023.2,core,"Intel® Core™ i7-1185GRE ",979.43,,319,1.998838818,34.97967931,490,28,1,490,28,1.19,FPS,FPS/$,FPS/TDP,msec.,,,,
mobilenet-v2,OV-2023.2,core,"Intel® Core™ i7-12700H ",2099.29,,1056.24,4.181843873,18.2546576,502,115,1,502,115,1.1,FPS,FPS/$,FPS/TDP,msec.,,,,
mobilenet-v2,OV-2023.2,core,"Intel® Core™ i7-8700T ",741.65,,519.77,2.44770353,21.19011913,303,35,1,303,35,1.86,FPS,FPS/$,FPS/TDP,msec.,,,,
mobilenet-v2,OV-2023.2,core,"Intel® Core™ i9-10900TE ",949.26,,604.02,1.945202062,27.12167446,488,35,1,488,35,1.5,FPS,FPS/$,FPS/TDP,msec.,,,,
mobilenet-v2,OV-2023.2,core,"Intel® Core™ i9-12900TE ",1300.22,,657.07,2.390105593,37.14906979,544,35,1,544,35,1.32,FPS,FPS/$,FPS/TDP,msec.,,,,
mobilenet-v2,OV-2023.2,core,"Intel® Core™ i9-13900K ",4089.6,,2014.33,6.827382726,32.71681802,599,125,1,599,125,0.71,FPS,FPS/$,FPS/TDP,msec.,,,,
mobilenet-v2,OV-2023.2,atom,"Intel® Processor N200 ",41.1,,29.71,0.212973024,6.850632287,193,6,1,193,6,27.14,FPS,FPS/$,FPS/TDP,msec.,,,,
mobilenet-v2,OV-2023.2,xeon,"Intel® Xeon® W1290P ",1450.73,,542.77,2.442314254,11.60587733,594,125,1,594,125,1.29,FPS,FPS/$,FPS/TDP,msec.,,,,
mobilenet-v2,OV-2023.2,xeon,"Intel® Xeon® E-2124G ",523.03,,,2.100520536,7.366614273,249,71,1,249,71,2.07,FPS,FPS/$,FPS/TDP,msec.,,,,
mobilenet-v2,OV-2023.2,xeon,"Intel® Xeon® Gold 5218T ",5410.81,,1915.84,1.720995551,25.76576196,3144,210,2,1572,105,1.42,FPS,FPS/$,FPS/TDP,msec.,,,,
mobilenet-v2,OV-2023.2,xeon,"Intel® Xeon® Platinum 8270 ",14207.13,,4438.67,0.837981173,34.65154345,16954,410,2,8477,205,0.93,FPS,FPS/$,FPS/TDP,msec.,,,,
mobilenet-v2,OV-2023.2,xeon,"Intel® Xeon® Platinum 8380 ",22308.51,,6801.73,1.191821192,41.31205383,18718,540,2,9359,270,0.57,FPS,FPS/$,FPS/TDP,msec.,,,,
mobilenet-v2,OV-2023.2,xeon,"Intel® Xeon® Platinum 8490H ",38064.38,,10986.01,1.119540686,54.37769045,34000,700,2,17000,350,0.66,FPS,FPS/$,FPS/TDP,msec.,,,,
mobilenet-v2,OV-2023.2,xeon,"Intel® Xeon® Silver 4216R ",5178.33,,1862.47,2.560994185,25.89165121,2022,200,2,1011,100,1.45,FPS,FPS/$,FPS/TDP,msec.,,,,
mobilenet-v2,OV-2023.2,xeon,"Intel® Xeon® Silver 4316 ",12161.33,,3597.47,5.347991895,40.53777856,2274,300,2,1137,150,0.56,FPS,FPS/$,FPS/TDP,msec.,,,,
mobilenet-v2,OV-2023.2,accel,"Intel® Data Center GPU Flex 170 ",6748.16,5698.62,,3.505537662,44.98773333,1925,150,1,1925,150,2.37,FPS,FPS/$,FPS/TDP,msec.,,,,
mobilenet-v2,OV-2023.2,mobile,"Intel® Arc®A-Series Graphics ",4308.65,3849.95,,13.42258567,28.72433333,321,150,1,321,150,3.63,FPS,FPS/$,FPS/TDP,msec.,,,,
mobilenet-v2,OV-2023.2,celeron,"Intel® Celeron® 6305E ",265.71,,132.81,2.483293989,17.71416379,107,15,1,107,15,3.66,FPS,FPS/$,FPS/TDP,msec.,,,,
mobilenet-v2,OV-2023.2,atom-iGPU,"Intel® Atom® X6425E ",191.22,225.68,130.69,2.854054506,15.93513766,67,12,1,67,12,20.63,FPS,FPS/$,FPS/TDP,msec.,,,,
mobilenet-v2,OV-2023.2,core-iGPU,"Intel® Core™ i7-1185G7 ",1014.86,749.24,525.16,2.382310872,36.24515827,426,28,1,426,28,3.77,FPS,FPS/$,FPS/TDP,msec.,,,,
mobilenet-v2,OV-2023.2,core-iGPU,"Intel® Core™ i7-1185GRE ",880.63,557.89,349.94,1.797203064,31.45105363,490,28,1,490,28,4.25,FPS,FPS/$,FPS/TDP,msec.,,,,
mobilenet-v2,OV-2023.2,core-iGPU,"Intel® Core™ i7-12700H ",1319.62,916.27,563.83,2.628734205,11.47499627,502,115,1,502,115,2.83,FPS,FPS/$,FPS/TDP,msec.,,,,
mobilenet-v2,OV-2023.2,atom-iGPU,"Intel® Processor N200 ",58.68,40.52,26.29,0.304066461,9.780804488,193,6,1,193,6,67.34,FPS,FPS/$,FPS/TDP,msec.,,,,
mobilenet-v2,OV-2023.2,celeron-iGPU,"Intel® Celeron® 6305E ",685.09,513.1,339.2,6.40268338,45.67247478,107,15,1,107,15,5.56,FPS,FPS/$,FPS/TDP,msec.,,,,
mobilenet-v2,OV-2023.2,atom-CPU+iGPU,Intel® Atom® X6425E,107.78,,137.9,1.608591175,8.981300729,67,12,1,67,12,,FPS,FPS/$,FPS/TDP,msec.,,,,
mobilenet-v2,OV-2023.2,core-CPU+iGPU,Intel® Core™ i7-1185G7,2182.22,,612.95,5.122587264,77.93650623,426,28,1,426,28,,FPS,FPS/$,FPS/TDP,msec.,,,,
mobilenet-v2,OV-2023.2,core-CPU+iGPU,Intel® Core™ i7-12700H,2071.13,,1048.22,4.125747034,18.00978271,502,115,1,502,115,,FPS,FPS/$,FPS/TDP,msec.,,,,
mobilenet-v2,OV-2023.2,atom-CPU+iGPU,Intel® Processor N200,115.35,,50.03,0.597642849,19.2241783,193,6,1,193,6,,FPS,FPS/$,FPS/TDP,msec.,,,,
mobilenet-v2,OV-2023.2,celeron-CPU+iGPU,Intel® Celeron® 6305E,1465.46,,396.56,13.69593138,97.69764383,107,15,1,107,15,,FPS,FPS/$,FPS/TDP,msec.,,,,
end_rec,,,,,,,,,,,,,,,,,,,,,,
begin_rec," "," "," "," "," "," "," "," "," "," "," "," "," "," ",FPS,FPS/$,FPS/TDP,msec.,,,,
resnet-50,OV-2023.2,atom,"Intel® Atom® X6425E ",19.92,,8.18,0.297378417,1.66036283,67,12,1,67,12,51.27,FPS,FPS/$,FPS/TDP,msec.,,,,
resnet-50,OV-2023.2,core,"Intel® Core™ i3-8100 ",96.91,,50.72,0.828261726,1.490871107,117,65,1,117,65,10.72,FPS,FPS/$,FPS/TDP,msec.,,,,
resnet-50,OV-2023.2,core,"Intel® Core™ i5-10500TE ",145.07,,74.01,0.677889544,2.231820961,214,65,1,214,65,8.19,FPS,FPS/$,FPS/TDP,msec.,,,,
resnet-50,OV-2023.2,core,"Intel® Core™ i5-13600K ",515.17,,140.11,1.565860325,4.121344374,329,125,1,329,125,3.89,FPS,FPS/$,FPS/TDP,msec.,,,,
resnet-50,OV-2023.2,core,"Intel® Core™ i7-1185G7 ",229.34,,61.85,0.538354858,8.190684621,426,28,1,426,28,5.03,FPS,FPS/$,FPS/TDP,msec.,,,,
resnet-50,OV-2023.2,core,"Intel® Core™ i7-1185GRE ",172.44,,45.06,0.351917309,6.158552906,490,28,1,490,28,6.62,FPS,FPS/$,FPS/TDP,msec.,,,,
resnet-50,OV-2023.2,core,"Intel® Core™ i7-12700H ",445.18,,122.92,0.886808098,3.871110133,502,115,1,502,115,3.93,FPS,FPS/$,FPS/TDP,msec.,,,,
resnet-50,OV-2023.2,core,"Intel® Core™ i7-8700T ",122.89,,62.1,0.405577536,3.511142673,303,35,1,303,35,9.97,FPS,FPS/$,FPS/TDP,msec.,,,,
resnet-50,OV-2023.2,core,"Intel® Core™ i9-10900TE ",156.59,,75.57,0.320885285,4.474057692,488,35,1,488,35,7.6,FPS,FPS/$,FPS/TDP,msec.,,,,
resnet-50,OV-2023.2,core,"Intel® Core™ i9-12900TE ",269.4,,72.67,0.495222574,7.697173715,544,35,1,544,35,4.89,FPS,FPS/$,FPS/TDP,msec.,,,,
resnet-50,OV-2023.2,core,"Intel® Core™ i9-13900K ",749.69,,228.22,1.251574188,5.997543507,599,125,1,599,125,2.98,FPS,FPS/$,FPS/TDP,msec.,,,,
resnet-50,OV-2023.2,atom,"Intel® Processor N200 ",6.72,,3.13,0.034831297,1.12040671,193,6,1,193,6,159.9,FPS,FPS/$,FPS/TDP,msec.,,,,
resnet-50,OV-2023.2,xeon,"Intel® Xeon® W1290P ",240.85,,96.84,0.405479734,1.926839696,594,125,1,594,125,5.5,FPS,FPS/$,FPS/TDP,msec.,,,,
resnet-50,OV-2023.2,xeon,"Intel® Xeon® E-2124G ",92.92,,49.94,0.373172396,1.308731361,249,71,1,249,71,11.12,FPS,FPS/$,FPS/TDP,msec.,,,,
resnet-50,OV-2023.2,xeon,"Intel® Xeon® Gold 5218T ",968.92,,267.96,0.30817997,4.613894415,3144,210,2,1572,105,2.91,FPS,FPS/$,FPS/TDP,msec.,,,,
resnet-50,OV-2023.2,xeon,"Intel® Xeon® Platinum 8270 ",2902.26,,747.22,0.171184391,7.078683334,16954,410,2,8477,205,1.55,FPS,FPS/$,FPS/TDP,msec.,,,,
resnet-50,OV-2023.2,xeon,"Intel® Xeon® Platinum 8380 ",4946.11,,1154.11,0.264243762,9.159471721,18718,540,2,9359,270,,FPS,FPS/$,FPS/TDP,msec.,,,,
resnet-50,OV-2023.2,xeon,"Intel® Xeon® Platinum 8490H ",19987.31,,1672.83,0.587862084,28.55330123,34000,700,2,17000,350,1.02,FPS,FPS/$,FPS/TDP,msec.,,,,
resnet-50,OV-2023.2,xeon,"Intel® Xeon® Silver 4216R ",931.66,,257,0.460762405,4.658307915,2022,200,2,1011,100,3,FPS,FPS/$,FPS/TDP,msec.,,,,
resnet-50,OV-2023.2,xeon,"Intel® Xeon® Silver 4316 ",2276.19,,562.55,1.000964562,7.587311379,2274,300,2,1137,150,,FPS,FPS/$,FPS/TDP,msec.,,,,
resnet-50,OV-2023.2,accel,"Intel® Data Center GPU Flex 170 ",3436.03,2103.96,,1.784950649,22.90686667,1925,150,1,1925,150,4.65,FPS,FPS/$,FPS/TDP,msec.,,,,
resnet-50,OV-2023.2,mobile,"Intel® Arc®A-Series Graphics ",2320.83,1555.26,,7.23,15.4722,321,150,1,321,150,6.8,FPS,FPS/$,FPS/TDP,msec.,,,,
resnet-50,OV-2023.2,celeron,"Intel® Celeron® 6305E ",49.59,,14.36,0.463470925,3.306092597,107,15,1,107,15,19.89,FPS,FPS/$,FPS/TDP,msec.,,,,
resnet-50,OV-2023.2,atom-iGPU,"Intel® Atom® X6425E ",49.36,52.35,27.44,0.736680169,4.113130942,67,12,1,67,12,80.69,FPS,FPS/$,FPS/TDP,msec.,,,,
resnet-50,OV-2023.2,core-iGPU,"Intel® Core™ i7-1185G7 ",351.53,206.09,116.49,0.825182703,12.55456541,426,28,1,426,28,11.12,FPS,FPS/$,FPS/TDP,msec.,,,,
resnet-50,OV-2023.2,core-iGPU,"Intel® Core™ i7-1185GRE ",291.8,170.69,95.05,0.595512613,10.42147072,490,28,1,490,28,13.6,FPS,FPS/$,FPS/TDP,msec.,,,,
resnet-50,OV-2023.2,core-iGPU,"Intel® Core™ i7-12700H ",389.36,224.15,136.98,0.775618158,3.38574187,502,115,1,502,115,10.01,FPS,FPS/$,FPS/TDP,msec.,,,,
resnet-50,OV-2023.2,atom-iGPU,"Intel® Processor N200 ",14.66,7.82,4.24,0.075968646,2.443658116,193,6,1,193,6,271.96,FPS,FPS/$,FPS/TDP,msec.,,,,
resnet-50,OV-2023.2,celeron-iGPU,"Intel® Celeron® 6305E ",213.06,118.28,67.33,1.991180592,14.20375489,107,15,1,107,15,18.66,FPS,FPS/$,FPS/TDP,msec.,,,,
resnet-50,OV-2023.2,atom-CPU+iGPU,Intel® Atom® X6425E,73.78,,32.26,1.101172216,6.148211537,67,12,1,67,12,,FPS,FPS/$,FPS/TDP,msec.,,,,
resnet-50,OV-2023.2,core-CPU+iGPU,Intel® Core™ i7-1185G7,467.05,,119.19,1.096367546,16.68044909,426,28,1,426,28,,FPS,FPS/$,FPS/TDP,msec.,,,,
resnet-50,OV-2023.2,core-CPU+iGPU,Intel® Core™ i7-12700H,446.64,,123.08,0.889730483,3.883866978,502,115,1,502,115,,FPS,FPS/$,FPS/TDP,msec.,,,,
resnet-50,OV-2023.2,atom-CPU+iGPU,Intel® Processor N200,20.62,,6.29,0.10684337,3.436795067,193,6,1,193,6,,FPS,FPS/$,FPS/TDP,msec.,,,,
resnet-50,OV-2023.2,celeron-CPU+iGPU,Intel® Celeron® 6305E,299.3,,75.5,2.797187232,19.95326892,107,15,1,107,15,,FPS,FPS/$,FPS/TDP,msec.,,,,
end_rec,,,,,,,,,,,,,,,,,,,,,,
begin_rec," "," "," "," "," "," "," "," "," "," "," "," "," "," ",FPS,FPS/$,FPS/TDP,msec.,,,,
ssd-resnet34-1200,OV-2023.2,atom,"Intel® Atom® X6425E ",0.33,,0.13,0.004975236,0.027778401,67,12,1,67,12,2993.01,FPS,FPS/$,FPS/TDP,msec.,,,,
ssd-resnet34-1200,OV-2023.2,core,"Intel® Core™ i3-8100 ",1.68,,0.97,0.014347384,0.025825291,117,65,1,117,65,601.85,FPS,FPS/$,FPS/TDP,msec.,,,,
ssd-resnet34-1200,OV-2023.2,core,"Intel® Core™ i5-10500TE ",2.42,,1.4,0.011289623,0.037168913,214,65,1,214,65,459.92,FPS,FPS/$,FPS/TDP,msec.,,,,
ssd-resnet34-1200,OV-2023.2,core,"Intel® Core™ i5-13600K ",8.24,,2.4,0.025057197,0.065950541,329,125,1,329,125,163.48,FPS,FPS/$,FPS/TDP,msec.,,,,
ssd-resnet34-1200,OV-2023.2,core,"Intel® Core™ i7-1185G7 ",3.91,,1,0.009186512,0.139766221,426,28,1,426,28,277.92,FPS,FPS/$,FPS/TDP,msec.,,,,
ssd-resnet34-1200,OV-2023.2,core,"Intel® Core™ i7-1185GRE ",2.88,,0.77,0.005880025,0.102900446,490,28,1,490,28,338.91,FPS,FPS/$,FPS/TDP,msec.,,,,
ssd-resnet34-1200,OV-2023.2,core,"Intel® Core™ i7-12700H ",7.23,,2.11,0.014408211,0.062894973,502,115,1,502,115,160.16,FPS,FPS/$,FPS/TDP,msec.,,,,
ssd-resnet34-1200,OV-2023.2,core,"Intel® Core™ i7-8700T ",2.02,,1.13,0.006652279,0.057589733,303,35,1,303,35,564.49,FPS,FPS/$,FPS/TDP,msec.,,,,
ssd-resnet34-1200,OV-2023.2,core,"Intel® Core™ i9-10900TE ",2.65,,1.47,0.005438613,0.0758298,488,35,1,488,35,411.44,FPS,FPS/$,FPS/TDP,msec.,,,,
ssd-resnet34-1200,OV-2023.2,core,"Intel® Core™ i9-12900TE ",4.43,,1.32,0.008137923,0.126486572,544,35,1,544,35,233.69,FPS,FPS/$,FPS/TDP,msec.,,,,
ssd-resnet34-1200,OV-2023.2,core,"Intel® Core™ i9-13900K ",12.56,,4.02,0.020965686,0.100467567,599,125,1,599,125,125.42,FPS,FPS/$,FPS/TDP,msec.,,,,
ssd-resnet34-1200,OV-2023.2,atom,"Intel® Processor N200 ",0.11,,0.05,0.000582322,0.01873135,193,6,1,193,6,8949.48,FPS,FPS/$,FPS/TDP,msec.,,,,
ssd-resnet34-1200,OV-2023.2,xeon,"Intel® Xeon® W1290P ",4.33,,2.45,0.007295464,0.034668046,594,125,1,594,125,238.2,FPS,FPS/$,FPS/TDP,msec.,,,,
ssd-resnet34-1200,OV-2023.2,xeon,"Intel® Xeon® E-2124G ",1.6,,0.92,0.006436306,0.022572398,249,71,1,249,71,628.09,FPS,FPS/$,FPS/TDP,msec.,,,,
ssd-resnet34-1200,OV-2023.2,xeon,"Intel® Xeon® Gold 5218T ",17.64,,4.57,0.00561008,0.083990918,3144,210,2,1572,105,115.69,FPS,FPS/$,FPS/TDP,msec.,,,,
ssd-resnet34-1200,OV-2023.2,xeon,"Intel® Xeon® Platinum 8270 ",57.78,,14.8,0.003407952,0.140922968,16954,410,2,8477,205,36.97,FPS,FPS/$,FPS/TDP,msec.,,,,
ssd-resnet34-1200,OV-2023.2,xeon,"Intel® Xeon® Platinum 8380 ",78.79,,20.72,0.004209532,0.145914858,18718,540,2,9359,270,108.29,FPS,FPS/$,FPS/TDP,msec.,,,,
ssd-resnet34-1200,OV-2023.2,xeon,"Intel® Xeon® Platinum 8490H ",447.58,,31.29,0.013164208,0.639404378,34000,700,2,17000,350,8.52,FPS,FPS/$,FPS/TDP,msec.,,,,
ssd-resnet34-1200,OV-2023.2,xeon,"Intel® Xeon® Silver 4216R ",16.78,,4.35,0.008300056,0.08391357,2022,200,2,1011,100,121.64,FPS,FPS/$,FPS/TDP,msec.,,,,
ssd-resnet34-1200,OV-2023.2,xeon,"Intel® Xeon® Silver 4316 ",42.36,,10.47,0.0186267,0.141190389,2274,300,2,1137,150,62,FPS,FPS/$,FPS/TDP,msec.,,,,
ssd-resnet34-1200,OV-2023.2,accel,"Intel® Data Center GPU Flex 170 ",212,109.86,,0.11012987,1.413333333,1925,150,1,1925,150,75.46,FPS,FPS/$,FPS/TDP,msec.,,,,
ssd-resnet34-1200,OV-2023.2,mobile,"Intel® Arc®A-Series Graphics ",147.33,81.3,,0.458971963,0.9822,321,150,1,321,150,107.9,FPS,FPS/$,FPS/TDP,msec.,,,,
ssd-resnet34-1200,OV-2023.2,celeron,"Intel® Celeron® 6305E ",0.89,,0.23,0.008332401,0.059437797,107,15,1,107,15,1121.85,FPS,FPS/$,FPS/TDP,msec.,,,,
ssd-resnet34-1200,OV-2023.2,atom-iGPU,"Intel® Atom® X6425E ",1.18,1.18,0.6,0.01761223,0.098334953,67,12,1,67,12,3388.59,FPS,FPS/$,FPS/TDP,msec.,,,,
ssd-resnet34-1200,OV-2023.2,core-iGPU,"Intel® Core™ i7-1185G7 ",9.69,5.42,2.82,0.022757923,0.346245541,426,28,1,426,28,422.17,FPS,FPS/$,FPS/TDP,msec.,,,,
ssd-resnet34-1200,OV-2023.2,core-iGPU,"Intel® Core™ i7-1185GRE ",8.81,4.73,2.22,0.017974869,0.3145602,490,28,1,490,28,454.51,FPS,FPS/$,FPS/TDP,msec.,,,,
ssd-resnet34-1200,OV-2023.2,core-iGPU,"Intel® Core™ i7-12700H ",10.57,6.15,3.31,0.021056233,0.091915033,502,115,1,502,115,378.05,FPS,FPS/$,FPS/TDP,msec.,,,,
ssd-resnet34-1200,OV-2023.2,atom-iGPU,"Intel® Processor N200 ",0.29,0.16,,0.001498083,0.048188352,193,6,1,193,6,13815.91,FPS,FPS/$,FPS/TDP,msec.,,,,
ssd-resnet34-1200,OV-2023.2,celeron-iGPU,"Intel® Celeron® 6305E ",5.07,2.64,1.41,0.047394532,0.338080997,107,15,1,107,15,774.3,FPS,FPS/$,FPS/TDP,msec.,,,,
ssd-resnet34-1200,OV-2023.2,atom-CPU+iGPU,Intel® Atom® X6425E,0.33,,0.13,0.004977355,0.02779023,67,12,1,67,12,,FPS,FPS/$,FPS/TDP,msec.,,,,
ssd-resnet34-1200,OV-2023.2,core-CPU+iGPU,Intel® Core™ i7-1185G7,3.91,,1,0.009188755,0.139800349,426,28,1,426,28,,FPS,FPS/$,FPS/TDP,msec.,,,,
ssd-resnet34-1200,OV-2023.2,core-CPU+iGPU,Intel® Core™ i7-12700H,7.22,,2.11,0.014375821,0.062753582,502,115,1,502,115,,FPS,FPS/$,FPS/TDP,msec.,,,,
ssd-resnet34-1200,OV-2023.2,atom-CPU+iGPU,Intel® Processor N200,0.11,,0.05,0.000582589,0.018739953,193,6,1,193,6,,FPS,FPS/$,FPS/TDP,msec.,,,,
ssd-resnet34-1200,OV-2023.2,celeron-CPU+iGPU,Intel® Celeron® 6305E,0.89,,0.23,0.008336326,0.059465795,107,15,1,107,15,,FPS,FPS/$,FPS/TDP,msec.,,,,
end_rec,,,,,,,,,,,,,,,,,,,,,,
begin_rec," "," "," "," "," "," "," "," "," "," "," "," "," "," ",FPS,FPS/$,FPS/TDP,msec.,,,,
ssd_mobilenet_v1_coco,OV-2023.2,atom,"Intel® Atom® X6425E ",45.25,,21.49,0.675344538,3.770673668,67,12,1,67,12,23.03,FPS,FPS/$,FPS/TDP,msec.,,,,
ssd_mobilenet_v1_coco,OV-2023.2,core,"Intel® Core™ i3-8100 ",211.26,,122.9,1.805642643,3.250156758,117,65,1,117,65,4.94,FPS,FPS/$,FPS/TDP,msec.,,,,
ssd_mobilenet_v1_coco,OV-2023.2,core,"Intel® Core™ i5-10500TE ",328.11,,171.73,1.533232461,5.047873024,214,65,1,214,65,3.6,FPS,FPS/$,FPS/TDP,msec.,,,,
ssd_mobilenet_v1_coco,OV-2023.2,core,"Intel® Core™ i5-13600K ",958.88,,352.8,2.914519781,7.671016063,329,125,1,329,125,2.39,FPS,FPS/$,FPS/TDP,msec.,,,,
ssd_mobilenet_v1_coco,OV-2023.2,core,"Intel® Core™ i7-1185G7 ",516.83,,149.6,1.213217067,18.45823109,426,28,1,426,28,1.95,FPS,FPS/$,FPS/TDP,msec.,,,,
ssd_mobilenet_v1_coco,OV-2023.2,core,"Intel® Core™ i7-1185GRE ",387.14,,100.71,0.790090285,13.82657998,490,28,1,490,28,2.82,FPS,FPS/$,FPS/TDP,msec.,,,,
ssd_mobilenet_v1_coco,OV-2023.2,core,"Intel® Core™ i7-12700H ",851.54,,313.45,1.696288338,7.404667352,502,115,1,502,115,2.26,FPS,FPS/$,FPS/TDP,msec.,,,,
ssd_mobilenet_v1_coco,OV-2023.2,core,"Intel® Core™ i7-8700T ",276.74,,157.91,0.913329109,7.906820574,303,35,1,303,35,4.32,FPS,FPS/$,FPS/TDP,msec.,,,,
ssd_mobilenet_v1_coco,OV-2023.2,core,"Intel® Core™ i9-10900TE ",364.53,,192.13,0.746991693,10.41519846,488,35,1,488,35,3.37,FPS,FPS/$,FPS/TDP,msec.,,,,
ssd_mobilenet_v1_coco,OV-2023.2,core,"Intel® Core™ i9-12900TE ",524.73,,184.04,0.964577897,14.99229646,544,35,1,544,35,3.11,FPS,FPS/$,FPS/TDP,msec.,,,,
ssd_mobilenet_v1_coco,OV-2023.2,core,"Intel® Core™ i9-13900K ",1448.44,,577.78,2.418088851,11.58748177,599,125,1,599,125,2.07,FPS,FPS/$,FPS/TDP,msec.,,,,
ssd_mobilenet_v1_coco,OV-2023.2,atom,"Intel® Processor N200 ",14.48,,7.94,0.075019913,2.413140548,193,6,1,193,6,72.01,FPS,FPS/$,FPS/TDP,msec.,,,,
ssd_mobilenet_v1_coco,OV-2023.2,xeon,"Intel® Xeon® W1290P ",575.79,,221.76,0.969337499,4.606291798,594,125,1,594,125,2.37,FPS,FPS/$,FPS/TDP,msec.,,,,
ssd_mobilenet_v1_coco,OV-2023.2,xeon,"Intel® Xeon® E-2124G ",202.62,,125.71,0.813718363,2.853744681,249,71,1,249,71,5.11,FPS,FPS/$,FPS/TDP,msec.,,,,
ssd_mobilenet_v1_coco,OV-2023.2,xeon,"Intel® Xeon® Gold 5218T ",2056.28,,640.87,0.654031598,9.79178736,3144,210,2,1572,105,1.56,FPS,FPS/$,FPS/TDP,msec.,,,,
ssd_mobilenet_v1_coco,OV-2023.2,xeon,"Intel® Xeon® Platinum 8270 ",5764.35,,1656.74,0.339999199,14.05938152,16954,410,2,8477,205,1.1,FPS,FPS/$,FPS/TDP,msec.,,,,
ssd_mobilenet_v1_coco,OV-2023.2,xeon,"Intel® Xeon® Platinum 8380 ",10274.61,,2320.94,0.54891578,19.02704734,18718,540,2,9359,270,0.66,FPS,FPS/$,FPS/TDP,msec.,,,,
ssd_mobilenet_v1_coco,OV-2023.2,xeon,"Intel® Xeon® Platinum 8490H ",22310.17,,3557.58,0.656181545,31.87167505,34000,700,2,17000,350,0.82,FPS,FPS/$,FPS/TDP,msec.,,,,
ssd_mobilenet_v1_coco,OV-2023.2,xeon,"Intel® Xeon® Silver 4216R ",1961.85,,610.96,0.970252004,9.809247756,2022,200,2,1011,100,1.63,FPS,FPS/$,FPS/TDP,msec.,,,,
ssd_mobilenet_v1_coco,OV-2023.2,xeon,"Intel® Xeon® Silver 4316 ",4825.79,,1246.04,2.122157397,16.08595307,2274,300,2,1137,150,0.81,FPS,FPS/$,FPS/TDP,msec.,,,,
ssd_mobilenet_v1_coco,OV-2023.2,accel,"Intel® Data Center GPU Flex 170 ",4044.15,3428.72,,2.100857143,26.961,1925,150,1,1925,150,3.93,FPS,FPS/$,FPS/TDP,msec.,,,,
ssd_mobilenet_v1_coco,OV-2023.2,mobile,"Intel® Arc®A-Series Graphics ",2984.21,2546.5,,9.296604361,19.89473333,321,150,1,321,150,5.28,FPS,FPS/$,FPS/TDP,msec.,,,,
ssd_mobilenet_v1_coco,OV-2023.2,celeron,"Intel® Celeron® 6305E ",107.12,,36.58,1.001151038,7.141544074,107,15,1,107,15,9.17,FPS,FPS/$,FPS/TDP,msec.,,,,
ssd_mobilenet_v1_coco,OV-2023.2,atom-iGPU,"Intel® Atom® X6425E ",92.52,95.67,51.13,1.380923725,7.710157466,67,12,1,67,12,42.26,FPS,FPS/$,FPS/TDP,msec.,,,,
ssd_mobilenet_v1_coco,OV-2023.2,core-iGPU,"Intel® Core™ i7-1185G7 ",651.76,382.05,253.7,1.529949042,23.27708185,426,28,1,426,28,6.02,FPS,FPS/$,FPS/TDP,msec.,,,,
ssd_mobilenet_v1_coco,OV-2023.2,core-iGPU,"Intel® Core™ i7-1185GRE ",524.22,312.45,186.78,1.069836004,18.72213008,490,28,1,490,28,7.46,FPS,FPS/$,FPS/TDP,msec.,,,,
ssd_mobilenet_v1_coco,OV-2023.2,core-iGPU,"Intel® Core™ i7-12700H ",773.55,416.41,274.89,1.540936407,6.726522404,502,115,1,502,115,4.96,FPS,FPS/$,FPS/TDP,msec.,,,,
ssd_mobilenet_v1_coco,OV-2023.2,atom-iGPU,"Intel® Processor N200 ",29.11,15.38,9.5,0.150843572,4.852134912,193,6,1,193,6,136.41,FPS,FPS/$,FPS/TDP,msec.,,,,
ssd_mobilenet_v1_coco,OV-2023.2,celeron-iGPU,"Intel® Celeron® 6305E ",411.09,221.78,136.65,3.84192596,27.40573851,107,15,1,107,15,9.59,FPS,FPS/$,FPS/TDP,msec.,,,,
ssd_mobilenet_v1_coco,OV-2023.2,atom-CPU+iGPU,Intel® Atom® X6425E,108.74,,57.49,1.622911064,9.061253443,67,12,1,67,12,,FPS,FPS/$,FPS/TDP,msec.,,,,
ssd_mobilenet_v1_coco,OV-2023.2,core-CPU+iGPU,Intel® Core™ i7-1185G7,681.22,,234.33,1.599114724,24.3293883,426,28,1,426,28,,FPS,FPS/$,FPS/TDP,msec.,,,,
ssd_mobilenet_v1_coco,OV-2023.2,core-CPU+iGPU,Intel® Core™ i7-12700H,846.65,,312.78,1.68656067,7.362203969,502,115,1,502,115,,FPS,FPS/$,FPS/TDP,msec.,,,,
ssd_mobilenet_v1_coco,OV-2023.2,atom-CPU+iGPU,Intel® Processor N200,35.06,,14.07,0.181647626,5.842998634,193,6,1,193,6,,FPS,FPS/$,FPS/TDP,msec.,,,,
ssd_mobilenet_v1_coco,OV-2023.2,celeron-CPU+iGPU,Intel® Celeron® 6305E,299.91,,136.25,2.802861018,19.99374193,107,15,1,107,15,,FPS,FPS/$,FPS/TDP,msec.,,,,
end_rec,,,,,,,,,,,,,,,,,,,,,,
begin_rec," "," "," "," "," "," "," "," "," "," "," "," "," "," ",FPS,FPS/$,FPS/TDP,msec.,,,,
unet-camvid-onnx-0001,OV-2023.2,atom,"Intel® Atom® X6425E ",0.48,,0.06,0.007174661,0.040058526,67,12,1,67,12,2086.28,FPS,FPS/$,FPS/TDP,msec.,,,,
unet-camvid-onnx-0001,OV-2023.2,core,"Intel® Core™ i3-8100 ",2.42,,1.55,0.02064549,0.037161882,117,65,1,117,65,426.14,FPS,FPS/$,FPS/TDP,msec.,,,,
unet-camvid-onnx-0001,OV-2023.2,core,"Intel® Core™ i5-10500TE ",3.6,,2.28,0.016808517,0.055338809,214,65,1,214,65,324.72,FPS,FPS/$,FPS/TDP,msec.,,,,
unet-camvid-onnx-0001,OV-2023.2,core,"Intel® Core™ i5-13600K ",11.52,,3.96,0.035003462,0.092129112,329,125,1,329,125,121.88,FPS,FPS/$,FPS/TDP,msec.,,,,
unet-camvid-onnx-0001,OV-2023.2,core,"Intel® Core™ i7-1185G7 ",6.54,,1.63,0.015353991,0.233600004,426,28,1,426,28,168.96,FPS,FPS/$,FPS/TDP,msec.,,,,
unet-camvid-onnx-0001,OV-2023.2,core,"Intel® Core™ i7-1185GRE ",4.87,,1.22,0.009934994,0.173862397,490,28,1,490,28,209.5,FPS,FPS/$,FPS/TDP,msec.,,,,
unet-camvid-onnx-0001,OV-2023.2,core,"Intel® Core™ i7-12700H ",10.23,,3.55,0.020387285,0.08899493,502,115,1,502,115,123.74,FPS,FPS/$,FPS/TDP,msec.,,,,
unet-camvid-onnx-0001,OV-2023.2,core,"Intel® Core™ i7-8700T ",3.02,,1.86,0.009978157,0.086382334,303,35,1,303,35,385.98,FPS,FPS/$,FPS/TDP,msec.,,,,
unet-camvid-onnx-0001,OV-2023.2,core,"Intel® Core™ i9-10900TE ",3.86,,2.4,0.007903109,0.110191924,488,35,1,488,35,286.48,FPS,FPS/$,FPS/TDP,msec.,,,,
unet-camvid-onnx-0001,OV-2023.2,core,"Intel® Core™ i9-12900TE ",6.29,,2.21,0.011565461,0.179760314,544,35,1,544,35,167.25,FPS,FPS/$,FPS/TDP,msec.,,,,
unet-camvid-onnx-0001,OV-2023.2,core,"Intel® Core™ i9-13900K ",17.97,,6.61,0.030001591,0.143767622,599,125,1,599,125,91.7,FPS,FPS/$,FPS/TDP,msec.,,,,
unet-camvid-onnx-0001,OV-2023.2,atom,"Intel® Processor N200 ",0.17,,0.09,0.000896742,0.028845212,193,6,1,193,6,5851.61,FPS,FPS/$,FPS/TDP,msec.,,,,
unet-camvid-onnx-0001,OV-2023.2,xeon,"Intel® Xeon® W1290P ",6.17,,3.96,0.010385321,0.049351045,594,125,1,594,125,180.39,FPS,FPS/$,FPS/TDP,msec.,,,,
unet-camvid-onnx-0001,OV-2023.2,xeon,"Intel® Xeon® E-2124G ",2.31,,1.48,0.009274116,0.032524718,249,71,1,249,71,434.36,FPS,FPS/$,FPS/TDP,msec.,,,,
unet-camvid-onnx-0001,OV-2023.2,xeon,"Intel® Xeon® Gold 5218T ",29.19,,7.31,0.009285218,0.139012976,3144,210,2,1572,105,71.02,FPS,FPS/$,FPS/TDP,msec.,,,,
unet-camvid-onnx-0001,OV-2023.2,xeon,"Intel® Xeon® Platinum 8270 ",95.18,,21.6,0.005614028,0.232146891,16954,410,2,8477,205,23.81,FPS,FPS/$,FPS/TDP,msec.,,,,
unet-camvid-onnx-0001,OV-2023.2,xeon,"Intel® Xeon® Platinum 8380 ",129.12,,31.53,0.006898185,0.239111529,18718,540,2,9359,270,73.82,FPS,FPS/$,FPS/TDP,msec.,,,,
unet-camvid-onnx-0001,OV-2023.2,xeon,"Intel® Xeon® Platinum 8490H ",594.44,,48.37,0.017483616,0.849204219,34000,700,2,17000,350,8.51,FPS,FPS/$,FPS/TDP,msec.,,,,
unet-camvid-onnx-0001,OV-2023.2,xeon,"Intel® Xeon® Silver 4216R ",27.77,,6.96,0.013733163,0.138842282,2022,200,2,1011,100,74.6,FPS,FPS/$,FPS/TDP,msec.,,,,
unet-camvid-onnx-0001,OV-2023.2,xeon,"Intel® Xeon® Silver 4316 ",69.04,,15.92,0.03036133,0.230138879,2274,300,2,1137,150,43.95,FPS,FPS/$,FPS/TDP,msec.,,,,
unet-camvid-onnx-0001,OV-2023.2,accel,"Intel® Data Center GPU Flex 170 ",308.2,201.07,,0.160103896,2.054666667,1925,150,1,1925,150,51.9,FPS,FPS/$,FPS/TDP,msec.,,,,
unet-camvid-onnx-0001,OV-2023.2,mobile,"Intel® Arc®A-Series Graphics ",264.35,182.28,,0.823520249,1.762333333,321,150,1,321,150,60.21,FPS,FPS/$,FPS/TDP,msec.,,,,
unet-camvid-onnx-0001,OV-2023.2,celeron,"Intel® Celeron® 6305E ",1.49,,0.38,0.013900735,0.099158578,107,15,1,107,15,675.13,FPS,FPS/$,FPS/TDP,msec.,,,,
unet-camvid-onnx-0001,OV-2023.2,atom-iGPU,"Intel® Atom® X6425E ",0.98,1.99,0.98,0.014692692,0.082034196,67,12,1,67,12,4060.12,FPS,FPS/$,FPS/TDP,msec.,,,,
unet-camvid-onnx-0001,OV-2023.2,core-iGPU,"Intel® Core™ i7-1185G7 ",17.25,8.84,4.82,0.040488987,0.616011019,426,28,1,426,28,227.85,FPS,FPS/$,FPS/TDP,msec.,,,,
unet-camvid-onnx-0001,OV-2023.2,core-iGPU,"Intel® Core™ i7-1185GRE ",15.51,7.82,4.16,0.031655158,0.553965259,490,28,1,490,28,257.82,FPS,FPS/$,FPS/TDP,msec.,,,,
unet-camvid-onnx-0001,OV-2023.2,core-iGPU,"Intel® Core™ i7-12700H ",18.55,9.77,5.39,0.036960326,0.161339856,502,115,1,502,115,215.12,FPS,FPS/$,FPS/TDP,msec.,,,,
unet-camvid-onnx-0001,OV-2023.2,atom-iGPU,"Intel® Processor N200 ",0.46,0.25,0.14,0.002385415,0.076730841,193,6,1,193,6,8685.49,FPS,FPS/$,FPS/TDP,msec.,,,,
unet-camvid-onnx-0001,OV-2023.2,celeron-iGPU,"Intel® Celeron® 6305E ",8.41,4.38,2.38,0.078566734,0.560442704,107,15,1,107,15,475.59,FPS,FPS/$,FPS/TDP,msec.,,,,
unet-camvid-onnx-0001,OV-2023.2,atom-CPU+iGPU,Intel® Atom® X6425E,1.23,,0.79,0.018340265,0.102399815,67,12,1,67,12,,FPS,FPS/$,FPS/TDP,msec.,,,,
unet-camvid-onnx-0001,OV-2023.2,core-CPU+iGPU,Intel® Core™ i7-1185G7,13.96,,3.78,0.032775536,0.498656365,426,28,1,426,28,,FPS,FPS/$,FPS/TDP,msec.,,,,
unet-camvid-onnx-0001,OV-2023.2,core-CPU+iGPU,Intel® Core™ i7-12700H,10.26,,3.52,0.02043345,0.08919645,502,115,1,502,115,,FPS,FPS/$,FPS/TDP,msec.,,,,
unet-camvid-onnx-0001,OV-2023.2,atom-CPU+iGPU,Intel® Processor N200,0.57,,0.19,0.002935667,0.094430629,193,6,1,193,6,,FPS,FPS/$,FPS/TDP,msec.,,,,
unet-camvid-onnx-0001,OV-2023.2,celeron-CPU+iGPU,Intel® Celeron® 6305E,8.94,,2.44,0.083581344,0.596213586,107,15,1,107,15,,FPS,FPS/$,FPS/TDP,msec.,,,,
end_rec,,,,,,,,,,,,,,,,,,,,,,
begin_rec," "," "," "," "," "," "," "," "," "," "," "," "," "," ",FPS,FPS/$,FPS/TDP,msec.,,,,
yolo_v3,OV-2023.2,atom,"Intel® Atom® X6425E ",2.09,,0.88,0.031158294,0.173967144,67,12,1,67,12,484.41,FPS,FPS/$,FPS/TDP,msec.,,,,
yolo_v3,OV-2023.2,core,"Intel® Core™ i3-8100 ",10.63,,5.8,0.090816761,0.16347017,117,65,1,117,65,95.04,FPS,FPS/$,FPS/TDP,msec.,,,,
yolo_v3,OV-2023.2,core,"Intel® Core™ i5-10500TE ",15.37,,8.28,0.071831563,0.236491606,214,65,1,214,65,74.25,FPS,FPS/$,FPS/TDP,msec.,,,,
yolo_v3,OV-2023.2,core,"Intel® Core™ i5-13600K ",51.79,,15.62,0.157423763,0.414339343,329,125,1,329,125,29.87,FPS,FPS/$,FPS/TDP,msec.,,,,
yolo_v3,OV-2023.2,core,"Intel® Core™ i7-1185G7 ",24.16,,6.61,0.056706365,0.862746832,426,28,1,426,28,46.04,FPS,FPS/$,FPS/TDP,msec.,,,,
yolo_v3,OV-2023.2,core,"Intel® Core™ i7-1185GRE ",18.04,,4.84,0.036809957,0.644174252,490,28,1,490,28,57.2,FPS,FPS/$,FPS/TDP,msec.,,,,
yolo_v3,OV-2023.2,core,"Intel® Core™ i7-12700H ",45.55,,13.34,0.09073357,0.396071758,502,115,1,502,115,29.39,FPS,FPS/$,FPS/TDP,msec.,,,,
yolo_v3,OV-2023.2,core,"Intel® Core™ i7-8700T ",12.71,,6.82,0.041940602,0.363085781,303,35,1,303,35,87.06,FPS,FPS/$,FPS/TDP,msec.,,,,
yolo_v3,OV-2023.2,core,"Intel® Core™ i9-10900TE ",16.64,,8.64,0.034098663,0.475432788,488,35,1,488,35,67.32,FPS,FPS/$,FPS/TDP,msec.,,,,
yolo_v3,OV-2023.2,core,"Intel® Core™ i9-12900TE ",27.33,,8.16,0.050231011,0.78073343,544,35,1,544,35,41.73,FPS,FPS/$,FPS/TDP,msec.,,,,
yolo_v3,OV-2023.2,core,"Intel® Core™ i9-13900K ",78.06,,25.64,0.130315158,0.624470238,599,125,1,599,125,23.25,FPS,FPS/$,FPS/TDP,msec.,,,,
yolo_v3,OV-2023.2,atom,"Intel® Processor N200 ",0.7,,0.34,0.003623639,0.116560404,193,6,1,193,6,1470.7,FPS,FPS/$,FPS/TDP,msec.,,,,
yolo_v3,OV-2023.2,xeon,"Intel® Xeon® W1290P ",27.37,,14.08,0.046075421,0.218950402,594,125,1,594,125,40.66,FPS,FPS/$,FPS/TDP,msec.,,,,
yolo_v3,OV-2023.2,xeon,"Intel® Xeon® E-2124G ",10.06,,5.64,0.040419321,0.141752266,249,71,1,249,71,100.33,FPS,FPS/$,FPS/TDP,msec.,,,,
yolo_v3,OV-2023.2,xeon,"Intel® Xeon® Gold 5218T ",106.36,,29.72,0.033830969,0.506497941,3144,210,2,1572,105,21.82,FPS,FPS/$,FPS/TDP,msec.,,,,
yolo_v3,OV-2023.2,xeon,"Intel® Xeon® Platinum 8270 ",313.83,,87.89,0.018510506,0.765431982,16954,410,2,8477,205,10.5,FPS,FPS/$,FPS/TDP,msec.,,,,
yolo_v3,OV-2023.2,xeon,"Intel® Xeon® Platinum 8380 ",490.61,,109.01,0.026210666,0.908539337,18718,540,2,9359,270,,FPS,FPS/$,FPS/TDP,msec.,,,,
yolo_v3,OV-2023.2,xeon,"Intel® Xeon® Platinum 8490H ",2125.85,,193.93,0.06252509,3.036932955,34000,700,2,17000,350,3.31,FPS,FPS/$,FPS/TDP,msec.,,,,
yolo_v3,OV-2023.2,xeon,"Intel® Xeon® Silver 4216R ",101.13,,28.36,0.050013259,0.50563405,2022,200,2,1011,100,22.77,FPS,FPS/$,FPS/TDP,msec.,,,,
yolo_v3,OV-2023.2,xeon,"Intel® Xeon® Silver 4316 ",242.25,,62.31,0.106530714,0.807502815,2274,300,2,1137,150,13.97,FPS,FPS/$,FPS/TDP,msec.,,,,
yolo_v3,OV-2023.2,accel,"Intel® Data Center GPU Flex 170 ",784.51,385.29,,0.407537662,5.230066667,1925,150,1,1925,150,20.34,FPS,FPS/$,FPS/TDP,msec.,,,,
yolo_v3,OV-2023.2,mobile,"Intel® Arc®A-Series Graphics ",582.91,341.6,,1.815919003,3.886066667,321,150,1,321,150,27.27,FPS,FPS/$,FPS/TDP,msec.,,,,
yolo_v3,OV-2023.2,celeron,"Intel® Celeron® 6305E ",5.45,,1.54,0.050899014,0.363079634,107,15,1,107,15,184.42,FPS,FPS/$,FPS/TDP,msec.,,,,
yolo_v3,OV-2023.2,atom-iGPU,"Intel® Atom® X6425E ",6.74,6.85,3.38,0.100595832,0.561660065,67,12,1,67,12,591.73,FPS,FPS/$,FPS/TDP,msec.,,,,
yolo_v3,OV-2023.2,core-iGPU,"Intel® Core™ i7-1185G7 ",63.57,29.68,16.2,0.149226927,2.2703811,426,28,1,426,28,63.78,FPS,FPS/$,FPS/TDP,msec.,,,,
yolo_v3,OV-2023.2,core-iGPU,"Intel® Core™ i7-1185GRE ",57.51,26.04,13.46,0.11737163,2.054003521,490,28,1,490,28,69.04,FPS,FPS/$,FPS/TDP,msec.,,,,
yolo_v3,OV-2023.2,core-iGPU,"Intel® Core™ i7-12700H ",70.17,33.53,18.68,0.139783055,0.610183421,502,115,1,502,115,56.66,FPS,FPS/$,FPS/TDP,msec.,,,,
yolo_v3,OV-2023.2,atom-iGPU,"Intel® Processor N200 ",1.76,0.94,0.5,0.009123799,0.293482206,193,6,1,193,6,2270.28,FPS,FPS/$,FPS/TDP,msec.,,,,
yolo_v3,OV-2023.2,celeron-iGPU,"Intel® Celeron® 6305E ",32.22,15.09,8.06,0.30110055,2.147850593,107,15,1,107,15,123.79,FPS,FPS/$,FPS/TDP,msec.,,,,
yolo_v3,OV-2023.2,atom-CPU+iGPU,Intel® Atom® X6425E,7.72,,3.75,0.115178992,0.643082704,67,12,1,67,12,,FPS,FPS/$,FPS/TDP,msec.,,,,
yolo_v3,OV-2023.2,core-CPU+iGPU,Intel® Core™ i7-1185G7,51.27,,13.81,0.120341487,1.830909768,426,28,1,426,28,,FPS,FPS/$,FPS/TDP,msec.,,,,
yolo_v3,OV-2023.2,core-CPU+iGPU,Intel® Core™ i7-12700H,45.37,,13.46,0.090387475,0.394560977,502,115,1,502,115,,FPS,FPS/$,FPS/TDP,msec.,,,,
yolo_v3,OV-2023.2,atom-CPU+iGPU,Intel® Processor N200,2.17,,0.7,0.011226857,0.361130553,193,6,1,193,6,,FPS,FPS/$,FPS/TDP,msec.,,,,
yolo_v3,OV-2023.2,celeron-CPU+iGPU,Intel® Celeron® 6305E,33.62,,8.52,0.314229473,2.241503571,107,15,1,107,15,,FPS,FPS/$,FPS/TDP,msec.,,,,
end_rec,,,,,,,,,,,,,,,,,,,,,,
begin_rec," "," "," "," "," "," "," "," "," "," "," "," "," "," ",FPS,FPS/$,FPS/TDP,msec.,,,,
yolo_v3_tiny,OV-2023.2,atom,"Intel® Atom® X6425E ",22.9,,10.3,0.341730235,1.907993813,67,12,1,67,12,44.81,FPS,FPS/$,FPS/TDP,msec.,,,,
yolo_v3_tiny,OV-2023.2,core,"Intel® Core™ i3-8100 ",111.7,,63.53,0.954676349,1.718417429,117,65,1,117,65,9.05,FPS,FPS/$,FPS/TDP,msec.,,,,
yolo_v3_tiny,OV-2023.2,core,"Intel® Core™ i5-10500TE ",167.36,,91.55,0.782033946,2.574696376,214,65,1,214,65,6.74,FPS,FPS/$,FPS/TDP,msec.,,,,
yolo_v3_tiny,OV-2023.2,core,"Intel® Core™ i5-13600K ",600,,195.96,1.823702698,4.799985501,329,125,1,329,125,3.05,FPS,FPS/$,FPS/TDP,msec.,,,,
yolo_v3_tiny,OV-2023.2,core,"Intel® Core™ i7-1185G7 ",252.28,,77.33,0.592195936,9.009838172,426,28,1,426,28,4.56,FPS,FPS/$,FPS/TDP,msec.,,,,
yolo_v3_tiny,OV-2023.2,core,"Intel® Core™ i7-1185GRE ",186.61,,55.02,0.380840324,6.664705674,490,28,1,490,28,5.72,FPS,FPS/$,FPS/TDP,msec.,,,,
yolo_v3_tiny,OV-2023.2,core,"Intel® Core™ i7-12700H ",501.3,,153.33,0.998611403,4.359155863,502,115,1,502,115,3.07,FPS,FPS/$,FPS/TDP,msec.,,,,
yolo_v3_tiny,OV-2023.2,core,"Intel® Core™ i7-8700T ",137.83,,76.63,0.454872229,3.93789387,303,35,1,303,35,8.19,FPS,FPS/$,FPS/TDP,msec.,,,,
yolo_v3_tiny,OV-2023.2,core,"Intel® Core™ i9-10900TE ",184.15,,95.48,0.377348634,5.261318102,488,35,1,488,35,6.36,FPS,FPS/$,FPS/TDP,msec.,,,,
yolo_v3_tiny,OV-2023.2,core,"Intel® Core™ i9-12900TE ",293.87,,93.77,0.540200925,8.396265811,544,35,1,544,35,4.16,FPS,FPS/$,FPS/TDP,msec.,,,,
yolo_v3_tiny,OV-2023.2,core,"Intel® Core™ i9-13900K ",859.57,,285.93,1.435015839,6.876595902,599,125,1,599,125,2.43,FPS,FPS/$,FPS/TDP,msec.,,,,
yolo_v3_tiny,OV-2023.2,atom,"Intel® Processor N200 ",7.83,,4.08,0.040593912,1.305770848,193,6,1,193,6,136.7,FPS,FPS/$,FPS/TDP,msec.,,,,
yolo_v3_tiny,OV-2023.2,xeon,"Intel® Xeon® W1290P ",298.34,,148.85,0.502253106,2.386706758,594,125,1,594,125,4.01,FPS,FPS/$,FPS/TDP,msec.,,,,
yolo_v3_tiny,OV-2023.2,xeon,"Intel® Xeon® E-2124G ",106.15,,62.71,0.426309642,1.495085926,249,71,1,249,71,9.46,FPS,FPS/$,FPS/TDP,msec.,,,,
yolo_v3_tiny,OV-2023.2,xeon,"Intel® Xeon® Gold 5218T ",1051.35,,338.78,0.334399047,5.006431445,3144,210,2,1572,105,2.52,FPS,FPS/$,FPS/TDP,msec.,,,,
yolo_v3_tiny,OV-2023.2,xeon,"Intel® Xeon® Platinum 8270 ",2835.63,,919.26,0.167254584,6.916181007,16954,410,2,8477,205,1.22,FPS,FPS/$,FPS/TDP,msec.,,,,
yolo_v3_tiny,OV-2023.2,xeon,"Intel® Xeon® Platinum 8380 ",4653.13,,1373.23,0.248591404,8.616914646,18718,540,2,9359,270,0.87,FPS,FPS/$,FPS/TDP,msec.,,,,
yolo_v3_tiny,OV-2023.2,xeon,"Intel® Xeon® Platinum 8490H ",13069.92,,2139.01,0.384409384,18.67131295,34000,700,2,17000,350,1.07,FPS,FPS/$,FPS/TDP,msec.,,,,
yolo_v3_tiny,OV-2023.2,xeon,"Intel® Xeon® Silver 4216R ",1009.33,,322.76,0.499176297,5.046672361,2022,200,2,1011,100,2.62,FPS,FPS/$,FPS/TDP,msec.,,,,
yolo_v3_tiny,OV-2023.2,xeon,"Intel® Xeon® Silver 4316 ",2219.25,,701.36,0.97592209,7.39748944,2274,300,2,1137,150,1.33,FPS,FPS/$,FPS/TDP,msec.,,,,
yolo_v3_tiny,OV-2023.2,accel,"Intel® Data Center GPU Flex 170 ",3774.19,2809.6,,1.960618182,25.16126667,1925,150,1,1925,150,4.2,FPS,FPS/$,FPS/TDP,msec.,,,,
yolo_v3_tiny,OV-2023.2,mobile,"Intel® Arc®A-Series Graphics ",2481.58,2188.3,,7.730778816,16.54386667,321,150,1,321,150,6.38,FPS,FPS/$,FPS/TDP,msec.,,,,
yolo_v3_tiny,OV-2023.2,celeron,"Intel® Celeron® 6305E ",54.03,,17.97,0.504924987,3.60179824,107,15,1,107,15,18.27,FPS,FPS/$,FPS/TDP,msec.,,,,
yolo_v3_tiny,OV-2023.2,atom-iGPU,"Intel® Atom® X6425E ",65.71,66.39,33.87,0.980781744,5.476031402,67,12,1,67,12,60.33,FPS,FPS/$,FPS/TDP,msec.,,,,
yolo_v3_tiny,OV-2023.2,core-iGPU,"Intel® Core™ i7-1185G7 ",546.82,290.91,170.54,1.283615875,19.52929868,426,28,1,426,28,7.02,FPS,FPS/$,FPS/TDP,msec.,,,,
yolo_v3_tiny,OV-2023.2,core-iGPU,"Intel® Core™ i7-1185GRE ",494.07,258.4,135.87,1.0083135,17.64548625,490,28,1,490,28,7.98,FPS,FPS/$,FPS/TDP,msec.,,,,
yolo_v3_tiny,OV-2023.2,core-iGPU,"Intel® Core™ i7-12700H ",614.04,322.38,201.06,1.223179731,5.339445432,502,115,1,502,115,6.27,FPS,FPS/$,FPS/TDP,msec.,,,,
yolo_v3_tiny,OV-2023.2,atom-iGPU,"Intel® Processor N200 ",18.67,9.83,5.51,0.096741623,3.111855553,193,6,1,193,6,213.14,FPS,FPS/$,FPS/TDP,msec.,,,,
yolo_v3_tiny,OV-2023.2,celeron-iGPU,"Intel® Celeron® 6305E ",292.06,153.11,86.79,2.729568715,19.4709235,107,15,1,107,15,13.59,FPS,FPS/$,FPS/TDP,msec.,,,,
yolo_v3_tiny,OV-2023.2,atom-CPU+iGPU,Intel® Atom® X6425E,28.49,,39.7,0.425185416,2.373951908,67,12,1,67,12,,FPS,FPS/$,FPS/TDP,msec.,,,,
yolo_v3_tiny,OV-2023.2,core-CPU+iGPU,Intel® Core™ i7-1185G7,485.88,,147.22,1.140573952,17.35301799,426,28,1,426,28,,FPS,FPS/$,FPS/TDP,msec.,,,,
yolo_v3_tiny,OV-2023.2,core-CPU+iGPU,Intel® Core™ i7-12700H,504.34,,154.35,1.004655777,4.385540869,502,115,1,502,115,,FPS,FPS/$,FPS/TDP,msec.,,,,
yolo_v3_tiny,OV-2023.2,atom-CPU+iGPU,Intel® Processor N200,23.01,,8.08,0.119237217,3.835463809,193,6,1,193,6,,FPS,FPS/$,FPS/TDP,msec.,,,,
yolo_v3_tiny,OV-2023.2,celeron-CPU+iGPU,Intel® Celeron® 6305E,322.03,,92.97,3.009639701,21.4687632,107,15,1,107,15,,FPS,FPS/$,FPS/TDP,msec.,,,,
end_rec,,,,,,,,,,,,,,,,,,,,,,
begin_rec," "," "," "," "," "," "," "," "," "," "," "," "," "," ",FPS,FPS/$,FPS/TDP,msec.,,,,
yolo_v8n,OV-2023.2,atom,"Intel® Atom® X6425E ",10.23,,5.1,0.152738191,0.852788231,67,12,1,67,12,101.71,FPS,FPS/$,FPS/TDP,msec.,,,,
yolo_v8n,OV-2023.2,core,"Intel® Core™ i3-8100 ",53.43,,33.01,0.456695137,0.822051246,117,65,1,117,65,19.24,FPS,FPS/$,FPS/TDP,msec.,,,,
yolo_v8n,OV-2023.2,core,"Intel® Core™ i5-10500TE ",81.28,,46.84,0.37982764,1.250509462,214,65,1,214,65,13.7,FPS,FPS/$,FPS/TDP,msec.,,,,
yolo_v8n,OV-2023.2,core,"Intel® Core™ i5-13600K ",249.13,,95.35,0.757245253,1.993069506,329,125,1,329,125,6.67,FPS,FPS/$,FPS/TDP,msec.,,,,
yolo_v8n,OV-2023.2,core,"Intel® Core™ i7-1185G7 ",110.57,,40.76,0.25954684,3.948819784,426,28,1,426,28,10.77,FPS,FPS/$,FPS/TDP,msec.,,,,
yolo_v8n,OV-2023.2,core,"Intel® Core™ i7-1185GRE ",77.4,,27.48,0.157961422,2.764324894,490,28,1,490,28,13.63,FPS,FPS/$,FPS/TDP,msec.,,,,
yolo_v8n,OV-2023.2,core,"Intel® Core™ i7-12700H ",213.22,,81.23,0.424745111,1.854104747,502,115,1,502,115,6.64,FPS,FPS/$,FPS/TDP,msec.,,,,
yolo_v8n,OV-2023.2,core,"Intel® Core™ i7-8700T ",71.39,,42.39,0.235624564,2.039835509,303,35,1,303,35,16.54,FPS,FPS/$,FPS/TDP,msec.,,,,
yolo_v8n,OV-2023.2,core,"Intel® Core™ i9-10900TE ",92.64,,52.82,0.189826949,2.646730038,488,35,1,488,35,12.63,FPS,FPS/$,FPS/TDP,msec.,,,,
yolo_v8n,OV-2023.2,core,"Intel® Core™ i9-12900TE ",132.43,,50.68,0.243444777,3.783827393,544,35,1,544,35,9.16,FPS,FPS/$,FPS/TDP,msec.,,,,
yolo_v8n,OV-2023.2,core,"Intel® Core™ i9-13900K ",377.83,,153.02,0.63077111,3.022655157,599,125,1,599,125,5.31,FPS,FPS/$,FPS/TDP,msec.,,,,
yolo_v8n,OV-2023.2,atom,"Intel® Processor N200 ",3.26,,1.94,0.016879236,0.542948745,193,6,1,193,6,316.73,FPS,FPS/$,FPS/TDP,msec.,,,,
yolo_v8n,OV-2023.2,xeon,"Intel® Xeon® W1290P ",135.15,,72.61,0.227526855,1.081207614,594,125,1,594,125,9.22,FPS,FPS/$,FPS/TDP,msec.,,,,
yolo_v8n,OV-2023.2,xeon,"Intel® Xeon® E-2124G ",52.15,,32.9,0.209454054,0.734564216,249,71,1,249,71,19.49,FPS,FPS/$,FPS/TDP,msec.,,,,
yolo_v8n,OV-2023.2,xeon,"Intel® Xeon® Gold 5218T ",450.82,,174.94,0.143389368,2.146743683,3144,210,2,1572,105,5.96,FPS,FPS/$,FPS/TDP,msec.,,,,
yolo_v8n,OV-2023.2,xeon,"Intel® Xeon® Platinum 8270 ",998.4,,454.7,0.058888758,2.435121961,16954,410,2,8477,205,3.53,FPS,FPS/$,FPS/TDP,msec.,,,,
yolo_v8n,OV-2023.2,xeon,"Intel® Xeon® Platinum 8380 ",1714.12,,554.58,0.091575891,3.17429173,18718,540,2,9359,270,2.38,FPS,FPS/$,FPS/TDP,msec.,,,,
yolo_v8n,OV-2023.2,xeon,"Intel® Xeon® Platinum 8490H ",2889.04,,998.41,0.084971908,4.127206937,34000,700,2,17000,350,3.61,FPS,FPS/$,FPS/TDP,msec.,,,,
yolo_v8n,OV-2023.2,xeon,"Intel® Xeon® Silver 4216R ",431.74,,165.69,0.213522055,2.158707972,2022,200,2,1011,100,6.18,FPS,FPS/$,FPS/TDP,msec.,,,,
yolo_v8n,OV-2023.2,xeon,"Intel® Xeon® Silver 4316 ",862.18,,340.38,0.379148389,2.873944787,2274,300,2,1137,150,3.32,FPS,FPS/$,FPS/TDP,msec.,,,,
yolo_v8n,OV-2023.2,accel,"Intel® Data Center GPU Flex 170 ",1539.24,1433.21,,0.799605195,10.2616,1925,150,1,1925,150,10.28,FPS,FPS/$,FPS/TDP,msec.,,,,
yolo_v8n,OV-2023.2,mobile,"Intel® Arc®A-Series Graphics ",1005.97,1032.49,,3.133862928,6.706466667,321,150,1,321,150,15.79,FPS,FPS/$,FPS/TDP,msec.,,,,
yolo_v8n,OV-2023.2,celeron,"Intel® Celeron® 6305E ",24.25,,9.56,0.226625242,1.616593391,107,15,1,107,15,40.75,FPS,FPS/$,FPS/TDP,msec.,,,,
yolo_v8n,OV-2023.2,atom-iGPU,"Intel® Atom® X6425E ",32.03,33.52,19.17,0.478079796,2.669278863,67,12,1,67,12,124.04,FPS,FPS/$,FPS/TDP,msec.,,,,
yolo_v8n,OV-2023.2,core-iGPU,"Intel® Core™ i7-1185G7 ",206.31,140.75,88.2,0.484285942,7.368064696,426,28,1,426,28,19.11,FPS,FPS/$,FPS/TDP,msec.,,,,
yolo_v8n,OV-2023.2,core-iGPU,"Intel® Core™ i7-1185GRE ",164.45,109.09,61.03,0.335609833,5.873172075,490,28,1,490,28,24.02,FPS,FPS/$,FPS/TDP,msec.,,,,
yolo_v8n,OV-2023.2,core-iGPU,"Intel® Core™ i7-12700H ",220.75,149.98,96.81,0.439731794,1.919524876,502,115,1,502,115,17.82,FPS,FPS/$,FPS/TDP,msec.,,,,
yolo_v8n,OV-2023.2,atom-iGPU,"Intel® Processor N200 ",8.37,5.57,3.25,0.043349604,1.394412272,193,6,1,193,6,477.17,FPS,FPS/$,FPS/TDP,msec.,,,,
yolo_v8n,OV-2023.2,atom-CPU+iGPU,Intel® Atom® X6425E,35.14,,20.32,0.524480678,2.928350453,67,12,1,67,12,,FPS,FPS/$,FPS/TDP,msec.,,,,
yolo_v8n,OV-2023.2,core-CPU+iGPU,Intel® Core™ i7-1185G7,179.3,,74.12,0.420882484,6.403426363,426,28,1,426,28,,FPS,FPS/$,FPS/TDP,msec.,,,,
yolo_v8n,OV-2023.2,core-CPU+iGPU,Intel® Core™ i7-12700H,212.84,,82.48,0.42397642,1.85074924,502,115,1,502,115,,FPS,FPS/$,FPS/TDP,msec.,,,,
yolo_v8n,OV-2023.2,atom-CPU+iGPU,Intel® Processor N200,10.06,,4.44,0.052118261,1.676470739,193,6,1,193,6,,FPS,FPS/$,FPS/TDP,msec.,,,,
yolo_v8n,OV-2023.2,celeron-CPU+iGPU,Intel® Celeron® 6305E,113.96,,48.9,1.065053731,7.597383279,107,15,1,107,15,,FPS,FPS/$,FPS/TDP,msec.,,,,
end_rec,,,,,,,,,,,,,,,,,,,,,,
begin_rec,,,,,,,,,,,,,,,,,,,,,,
chatGLM2-6B,OV-2023.2,core,"Intel® Core™ i9-13900K ",277,,340,,,,,,,,,FPS,FPS/$,FPS/TDP,msec./token,,,,374
chatGLM2-6B,OV-2023.2,xeon,"Intel® Xeon® Platinum 8380 ",,173,,,,,,,,,,FPS,FPS/$,FPS/TDP,msec./token,,,,
chatGLM2-6B,OV-2023.2,xeon,Intel® Xeon® Platinum 8490H,,114,,,,,,,,,,FPS,FPS/$,FPS/TDP,msec./token,,,,
chatGLM2-6B,OV-2023.2,accel,"Intel® Data Center GPU Flex 170 ",,,,,,,,,,,,FPS,FPS/$,FPS/TDP,msec./token,,,,
chatGLM2-6B,OV-2023.2,accel,"Intel® Arc®A-Series Graphics ",95,121,,,,,,,,,,FPS,FPS/$,FPS/TDP,msec./token,,,,
end_rec,,,,,,,,,,,,,,,,,,,,,,
begin_rec,,,,,,,,,,,,,,,,,,,,,,
Llama-2-7b-chat,OV-2023.2,core,"Intel® Core™ i9-13900K ",415,,420,,,,,,,,,FPS,FPS/$,FPS/TDP,msec./token,,,,417
Llama-2-7b-chat,OV-2023.2,xeon,"Intel® Xeon® Platinum 8380 ",179,,201,,,,,,,,,FPS,FPS/$,FPS/TDP,msec./token,,,,133
Llama-2-7b-chat,OV-2023.2,xeon,Intel® Xeon® Platinum 8490H,143,,133,,,,,,,,,FPS,FPS/$,FPS/TDP,msec./token,,,,136
Llama-2-7b-chat,OV-2023.2,accel,"Intel® Data Center GPU Flex 170 ",111,95,,,,,,,,,,FPS,FPS/$,FPS/TDP,msec./token,,,,126
Llama-2-7b-chat,OV-2023.2,accel,"Intel® Arc®A-Series Graphics ",163,163,,,,,,,,,,FPS,FPS/$,FPS/TDP,msec./token,,,,221
end_rec,,,,,,,,,,,,,,,,,,,,,,
begin_rec,,,,,,,,,,,,,,,,,,,,,,
Stable-Diffusion-v2-1,OV-2023.2,accel,"Intel® Data Center GPU Flex 170 ",7.1,4.4,,,,,,,,,,FPS,FPS/$,FPS/TDP,sec.,,,,
end_rec,,,,,,,,,,,,,,,,,,,,,,