layerName;execStatus;layerType;execType;realTime (ms);cpuTime (ms);
data;NOT_RUN;Parameter;unknown_I8;0.000;0.000;
Divide_894;EXECUTED;Subgraph;jit_avx2_I8;0.080;0.080;
Divide_894_abcd_acdb_/conv1/Conv/WithoutBiases;EXECUTED;Reorder;jit_uni_f32;0.118;0.118;
/conv1/Conv/WithoutBiases;EXECUTED;Convolution;brgconv_avx2_f32;3.259;3.259;
/relu/Relu;NOT_RUN;Relu;undef;0.000;0.000;
/maxpool/MaxPool;EXECUTED;MaxPool;jit_avx2_f32;0.388;0.388;
/layer1/layer1.0/conv1/Conv/WithoutBiases;EXECUTED;Convolution;brgconv_avx2_1x1_f32;0.494;0.494;
/layer1/layer1.0/relu/Relu;NOT_RUN;Relu;undef;0.000;0.000;
/layer1/layer1.0/conv2/Conv/WithoutBiases;EXECUTED;Convolution;brgconv_avx2_f32;3.156;3.156;
/layer1/layer1.0/relu_1/Relu;NOT_RUN;Relu;undef;0.000;0.000;
/layer1/layer1.0/downsample/downsample.0/Conv/WithoutBiases;EXECUTED;Convolution;brgconv_avx2_1x1_f32;1.589;1.589;
/layer1/layer1.0/conv3/Conv/WithoutBiases;EXECUTED;Convolution;brgconv_avx2_1x1_f32;1.709;1.709;
/layer1/layer1.0/Add;NOT_RUN;Add;undef;0.000;0.000;
/layer1/layer1.0/relu_2/Relu;NOT_RUN;Relu;undef;0.000;0.000;
/layer1/layer1.1/conv1/Conv/WithoutBiases;EXECUTED;Convolution;brgconv_avx2_1x1_f32;1.598;1.598;
/layer1/layer1.1/relu/Relu;NOT_RUN;Relu;undef;0.000;0.000;
/layer1/layer1.1/conv2/Conv/WithoutBiases;EXECUTED;Convolution;brgconv_avx2_f32;3.223;3.223;
/layer1/layer1.1/relu_1/Relu;NOT_RUN;Relu;undef;0.000;0.000;
/layer1/layer1.1/conv3/Conv/WithoutBiases;EXECUTED;Convolution;brgconv_avx2_1x1_f32;1.681;1.681;
/layer1/layer1.1/Add;NOT_RUN;Add;undef;0.000;0.000;
/layer1/layer1.1/relu_2/Relu;NOT_RUN;Relu;undef;0.000;0.000;
/layer1/layer1.2/conv1/Conv/WithoutBiases;EXECUTED;Convolution;brgconv_avx2_1x1_f32;1.613;1.613;
/layer1/layer1.2/relu/Relu;NOT_RUN;Relu;undef;0.000;0.000;
/layer1/layer1.2/conv2/Conv/WithoutBiases;EXECUTED;Convolution;brgconv_avx2_f32;3.246;3.246;
/layer1/layer1.2/relu_1/Relu;NOT_RUN;Relu;undef;0.000;0.000;
/layer1/layer1.2/conv3/Conv/WithoutBiases;EXECUTED;Convolution;brgconv_avx2_1x1_f32;1.666;1.666;
/layer1/layer1.2/Add;NOT_RUN;Add;undef;0.000;0.000;
/layer1/layer1.2/relu_2/Relu;NOT_RUN;Relu;undef;0.000;0.000;
/layer2/layer2.0/conv1/Conv/WithoutBiases;EXECUTED;Convolution;brgconv_avx2_1x1_f32;2.924;2.924;
/layer2/layer2.0/relu/Relu;NOT_RUN;Relu;undef;0.000;0.000;
/layer2/layer2.0/conv2/Conv/WithoutBiases;EXECUTED;Convolution;brgconv_avx2_f32;3.179;3.179;
/layer2/layer2.0/relu_1/Relu;NOT_RUN;Relu;undef;0.000;0.000;
/layer2/layer2.0/downsample/downsample.0/Conv/WithoutBiases;EXECUTED;Convolution;brgconv_avx2_1x1_f32;3.022;3.022;
/layer2/layer2.0/conv3/Conv/WithoutBiases;EXECUTED;Convolution;brgconv_avx2_1x1_f32;1.710;1.710;
/layer2/layer2.0/Add;NOT_RUN;Add;undef;0.000;0.000;
/layer2/layer2.0/relu_2/Relu;NOT_RUN;Relu;undef;0.000;0.000;
/layer2/layer2.1/conv1/Conv/WithoutBiases;EXECUTED;Convolution;brgconv_avx2_1x1_f32;1.574;1.574;
/layer2/layer2.1/relu/Relu;NOT_RUN;Relu;undef;0.000;0.000;
/layer2/layer2.1/conv2/Conv/WithoutBiases;EXECUTED;Convolution;brgconv_avx2_f32;3.279;3.279;
/layer2/layer2.1/relu_1/Relu;NOT_RUN;Relu;undef;0.000;0.000;
/layer2/layer2.1/conv3/Conv/WithoutBiases;EXECUTED;Convolution;brgconv_avx2_1x1_f32;1.733;1.733;
/layer2/layer2.1/Add;NOT_RUN;Add;undef;0.000;0.000;
/layer2/layer2.1/relu_2/Relu;NOT_RUN;Relu;undef;0.000;0.000;
/layer2/layer2.2/conv1/Conv/WithoutBiases;EXECUTED;Convolution;brgconv_avx2_1x1_f32;1.591;1.591;
/layer2/layer2.2/relu/Relu;NOT_RUN;Relu;undef;0.000;0.000;
/layer2/layer2.2/conv2/Conv/WithoutBiases;EXECUTED;Convolution;brgconv_avx2_f32;3.373;3.373;
/layer2/layer2.2/relu_1/Relu;NOT_RUN;Relu;undef;0.000;0.000;
/layer2/layer2.2/conv3/Conv/WithoutBiases;EXECUTED;Convolution;brgconv_avx2_1x1_f32;1.730;1.730;
/layer2/layer2.2/Add;NOT_RUN;Add;undef;0.000;0.000;
/layer2/layer2.2/relu_2/Relu;NOT_RUN;Relu;undef;0.000;0.000;
/layer2/layer2.3/conv1/Conv/WithoutBiases;EXECUTED;Convolution;brgconv_avx2_1x1_f32;1.580;1.580;
/layer2/layer2.3/relu/Relu;NOT_RUN;Relu;undef;0.000;0.000;
/layer2/layer2.3/conv2/Conv/WithoutBiases;EXECUTED;Convolution;brgconv_avx2_f32;3.293;3.293;
/layer2/layer2.3/relu_1/Relu;NOT_RUN;Relu;undef;0.000;0.000;
/layer2/layer2.3/conv3/Conv/WithoutBiases;EXECUTED;Convolution;brgconv_avx2_1x1_f32;1.675;1.675;
/layer2/layer2.3/Add;NOT_RUN;Add;undef;0.000;0.000;
/layer2/layer2.3/relu_2/Relu;NOT_RUN;Relu;undef;0.000;0.000;
/layer3/layer3.0/conv1/Conv/WithoutBiases;EXECUTED;Convolution;brgconv_avx2_1x1_f32;2.832;2.832;
/layer3/layer3.0/relu/Relu;NOT_RUN;Relu;undef;0.000;0.000;
/layer3/layer3.0/conv2/Conv/WithoutBiases;EXECUTED;Convolution;brgconv_avx2_f32;3.314;3.314;
/layer3/layer3.0/relu_1/Relu;NOT_RUN;Relu;undef;0.000;0.000;
/layer3/layer3.0/downsample/downsample.0/Conv/WithoutBiases;EXECUTED;Convolution;brgconv_avx2_1x1_f32;3.118;3.118;
/layer3/layer3.0/conv3/Conv/WithoutBiases;EXECUTED;Convolution;brgconv_avx2_1x1_f32;1.636;1.636;
/layer3/layer3.0/Add;NOT_RUN;Add;undef;0.000;0.000;
/layer3/layer3.0/relu_2/Relu;NOT_RUN;Relu;undef;0.000;0.000;
/layer3/layer3.1/conv1/Conv/WithoutBiases;EXECUTED;Convolution;brgconv_avx2_1x1_f32;1.643;1.643;
/layer3/layer3.1/relu/Relu;NOT_RUN;Relu;undef;0.000;0.000;
/layer3/layer3.1/conv2/Conv/WithoutBiases;EXECUTED;Convolution;brgconv_avx2_f32;3.228;3.228;
/layer3/layer3.1/relu_1/Relu;NOT_RUN;Relu;undef;0.000;0.000;
/layer3/layer3.1/conv3/Conv/WithoutBiases;EXECUTED;Convolution;brgconv_avx2_1x1_f32;1.678;1.678;
/layer3/layer3.1/Add;NOT_RUN;Add;undef;0.000;0.000;
/layer3/layer3.1/relu_2/Relu;NOT_RUN;Relu;undef;0.000;0.000;
/layer3/layer3.2/conv1/Conv/WithoutBiases;EXECUTED;Convolution;brgconv_avx2_1x1_f32;1.592;1.592;
/layer3/layer3.2/relu/Relu;NOT_RUN;Relu;undef;0.000;0.000;
/layer3/layer3.2/conv2/Conv/WithoutBiases;EXECUTED;Convolution;brgconv_avx2_f32;3.176;3.176;
/layer3/layer3.2/relu_1/Relu;NOT_RUN;Relu;undef;0.000;0.000;
/layer3/layer3.2/conv3/Conv/WithoutBiases;EXECUTED;Convolution;brgconv_avx2_1x1_f32;1.702;1.702;
/layer3/layer3.2/Add;NOT_RUN;Add;undef;0.000;0.000;
/layer3/layer3.2/relu_2/Relu;NOT_RUN;Relu;undef;0.000;0.000;
/layer3/layer3.3/conv1/Conv/WithoutBiases;EXECUTED;Convolution;brgconv_avx2_1x1_f32;1.627;1.627;
/layer3/layer3.3/relu/Relu;NOT_RUN;Relu;undef;0.000;0.000;
/layer3/layer3.3/conv2/Conv/WithoutBiases;EXECUTED;Convolution;brgconv_avx2_f32;3.192;3.192;
/layer3/layer3.3/relu_1/Relu;NOT_RUN;Relu;undef;0.000;0.000;
/layer3/layer3.3/conv3/Conv/WithoutBiases;EXECUTED;Convolution;brgconv_avx2_1x1_f32;1.665;1.665;
/layer3/layer3.3/Add;NOT_RUN;Add;undef;0.000;0.000;
/layer3/layer3.3/relu_2/Relu;NOT_RUN;Relu;undef;0.000;0.000;
/layer3/layer3.4/conv1/Conv/WithoutBiases;EXECUTED;Convolution;brgconv_avx2_1x1_f32;1.621;1.621;
/layer3/layer3.4/relu/Relu;NOT_RUN;Relu;undef;0.000;0.000;
/layer3/layer3.4/conv2/Conv/WithoutBiases;EXECUTED;Convolution;brgconv_avx2_f32;3.224;3.224;
/layer3/layer3.4/relu_1/Relu;NOT_RUN;Relu;undef;0.000;0.000;
/layer3/layer3.4/conv3/Conv/WithoutBiases;EXECUTED;Convolution;brgconv_avx2_1x1_f32;1.696;1.696;
/layer3/layer3.4/Add;NOT_RUN;Add;undef;0.000;0.000;
/layer3/layer3.4/relu_2/Relu;NOT_RUN;Relu;undef;0.000;0.000;
/layer3/layer3.5/conv1/Conv/WithoutBiases;EXECUTED;Convolution;brgconv_avx2_1x1_f32;1.651;1.651;
/layer3/layer3.5/relu/Relu;NOT_RUN;Relu;undef;0.000;0.000;
/layer3/layer3.5/conv2/Conv/WithoutBiases;EXECUTED;Convolution;brgconv_avx2_f32;3.187;3.187;
/layer3/layer3.5/relu_1/Relu;NOT_RUN;Relu;undef;0.000;0.000;
/layer3/layer3.5/conv3/Conv/WithoutBiases;EXECUTED;Convolution;brgconv_avx2_1x1_f32;1.679;1.679;
/layer3/layer3.5/Add;NOT_RUN;Add;undef;0.000;0.000;
/layer3/layer3.5/relu_2/Relu;NOT_RUN;Relu;undef;0.000;0.000;
/layer4/layer4.0/conv1/Conv/WithoutBiases;EXECUTED;Convolution;brgconv_avx2_1x1_f32;3.045;3.045;
/layer4/layer4.0/relu/Relu;NOT_RUN;Relu;undef;0.000;0.000;
/layer4/layer4.0/conv2/Conv/WithoutBiases;EXECUTED;Convolution;brgconv_avx2_f32;3.463;3.463;
/layer4/layer4.0/relu_1/Relu;NOT_RUN;Relu;undef;0.000;0.000;
/layer4/layer4.0/downsample/downsample.0/Conv/WithoutBiases;EXECUTED;Convolution;brgconv_avx2_1x1_f32;3.314;3.314;
/layer4/layer4.0/conv3/Conv/WithoutBiases;EXECUTED;Convolution;brgconv_avx2_1x1_f32;1.767;1.767;
/layer4/layer4.0/Add;NOT_RUN;Add;undef;0.000;0.000;
/layer4/layer4.0/relu_2/Relu;NOT_RUN;Relu;undef;0.000;0.000;
/layer4/layer4.1/conv1/Conv/WithoutBiases;EXECUTED;Convolution;brgconv_avx2_1x1_f32;1.746;1.746;
/layer4/layer4.1/relu/Relu;NOT_RUN;Relu;undef;0.000;0.000;
/layer4/layer4.1/conv2/Conv/WithoutBiases;EXECUTED;Convolution;brgconv_avx2_f32;3.076;3.076;
/layer4/layer4.1/relu_1/Relu;NOT_RUN;Relu;undef;0.000;0.000;
/layer4/layer4.1/conv3/Conv/WithoutBiases;EXECUTED;Convolution;brgconv_avx2_1x1_f32;1.693;1.693;
/layer4/layer4.1/Add;NOT_RUN;Add;undef;0.000;0.000;
/layer4/layer4.1/relu_2/Relu;NOT_RUN;Relu;undef;0.000;0.000;
/layer4/layer4.2/conv1/Conv/WithoutBiases;EXECUTED;Convolution;brgconv_avx2_1x1_f32;1.726;1.726;
/layer4/layer4.2/relu/Relu;NOT_RUN;Relu;undef;0.000;0.000;
/layer4/layer4.2/conv2/Conv/WithoutBiases;EXECUTED;Convolution;brgconv_avx2_f32;3.108;3.108;
/layer4/layer4.2/relu_1/Relu;NOT_RUN;Relu;undef;0.000;0.000;
/layer4/layer4.2/conv3/Conv/WithoutBiases;EXECUTED;Convolution;brgconv_avx2_1x1_f32;1.737;1.737;
/layer4/layer4.2/Add;NOT_RUN;Add;undef;0.000;0.000;
/layer4/layer4.2/relu_2/Relu;NOT_RUN;Relu;undef;0.000;0.000;
/avgpool/GlobalAveragePool;EXECUTED;ReduceMean;jit_avx2_f32;0.104;0.104;
/avgpool/GlobalAveragePool_acdb_abcd_/Flatten;NOT_RUN;Reorder;reorder_f32;0.000;0.000;
/Flatten;NOT_RUN;Reshape;unknown_f32;0.000;0.000;
prob;EXECUTED;FullyConnected;gemm_mlas_f32;0.508;0.508;
prob/sink_port_0;NOT_RUN;Result;unknown_f32;0.000;0.000;
Total;;;;123.231;123.231;

layerName;execStatus;layerType;execType;realTime (ms);cpuTime (ms);
data;NOT_RUN;Parameter;unknown_I8;0.000;0.000;
Divide_894;EXECUTED;Subgraph;jit_avx2_I8;0.076;0.076;
Divide_894_abcd_acdb_/conv1/Conv/WithoutBiases;EXECUTED;Reorder;jit_uni_f32;0.111;0.111;
/conv1/Conv/WithoutBiases;EXECUTED;Convolution;brgconv_avx2_f32;3.329;3.329;
/relu/Relu;NOT_RUN;Relu;undef;0.000;0.000;
/maxpool/MaxPool;EXECUTED;MaxPool;jit_avx2_f32;0.370;0.370;
/layer1/layer1.0/conv1/Conv/WithoutBiases;EXECUTED;Convolution;brgconv_avx2_1x1_f32;0.497;0.497;
/layer1/layer1.0/relu/Relu;NOT_RUN;Relu;undef;0.000;0.000;
/layer1/layer1.0/conv2/Conv/WithoutBiases;EXECUTED;Convolution;brgconv_avx2_f32;3.211;3.211;
/layer1/layer1.0/relu_1/Relu;NOT_RUN;Relu;undef;0.000;0.000;
/layer1/layer1.0/downsample/downsample.0/Conv/WithoutBiases;EXECUTED;Convolution;brgconv_avx2_1x1_f32;1.600;1.600;
/layer1/layer1.0/conv3/Conv/WithoutBiases;EXECUTED;Convolution;brgconv_avx2_1x1_f32;1.670;1.670;
/layer1/layer1.0/Add;NOT_RUN;Add;undef;0.000;0.000;
/layer1/layer1.0/relu_2/Relu;NOT_RUN;Relu;undef;0.000;0.000;
/layer1/layer1.1/conv1/Conv/WithoutBiases;EXECUTED;Convolution;brgconv_avx2_1x1_f32;1.569;1.569;
/layer1/layer1.1/relu/Relu;NOT_RUN;Relu;undef;0.000;0.000;
/layer1/layer1.1/conv2/Conv/WithoutBiases;EXECUTED;Convolution;brgconv_avx2_f32;3.236;3.236;
/layer1/layer1.1/relu_1/Relu;NOT_RUN;Relu;undef;0.000;0.000;
/layer1/layer1.1/conv3/Conv/WithoutBiases;EXECUTED;Convolution;brgconv_avx2_1x1_f32;1.678;1.678;
/layer1/layer1.1/Add;NOT_RUN;Add;undef;0.000;0.000;
/layer1/layer1.1/relu_2/Relu;NOT_RUN;Relu;undef;0.000;0.000;
/layer1/layer1.2/conv1/Conv/WithoutBiases;EXECUTED;Convolution;brgconv_avx2_1x1_f32;1.603;1.603;
/layer1/layer1.2/relu/Relu;NOT_RUN;Relu;undef;0.000;0.000;
/layer1/layer1.2/conv2/Conv/WithoutBiases;EXECUTED;Convolution;brgconv_avx2_f32;3.263;3.263;
/layer1/layer1.2/relu_1/Relu;NOT_RUN;Relu;undef;0.000;0.000;
/layer1/layer1.2/conv3/Conv/WithoutBiases;EXECUTED;Convolution;brgconv_avx2_1x1_f32;1.672;1.672;
/layer1/layer1.2/Add;NOT_RUN;Add;undef;0.000;0.000;
/layer1/layer1.2/relu_2/Relu;NOT_RUN;Relu;undef;0.000;0.000;
/layer2/layer2.0/conv1/Conv/WithoutBiases;EXECUTED;Convolution;brgconv_avx2_1x1_f32;2.963;2.963;
/layer2/layer2.0/relu/Relu;NOT_RUN;Relu;undef;0.000;0.000;
/layer2/layer2.0/conv2/Conv/WithoutBiases;EXECUTED;Convolution;brgconv_avx2_f32;3.242;3.242;
/layer2/layer2.0/relu_1/Relu;NOT_RUN;Relu;undef;0.000;0.000;
/layer2/layer2.0/downsample/downsample.0/Conv/WithoutBiases;EXECUTED;Convolution;brgconv_avx2_1x1_f32;3.078;3.078;
/layer2/layer2.0/conv3/Conv/WithoutBiases;EXECUTED;Convolution;brgconv_avx2_1x1_f32;1.701;1.701;
/layer2/layer2.0/Add;NOT_RUN;Add;undef;0.000;0.000;
/layer2/layer2.0/relu_2/Relu;NOT_RUN;Relu;undef;0.000;0.000;
/layer2/layer2.1/conv1/Conv/WithoutBiases;EXECUTED;Convolution;brgconv_avx2_1x1_f32;1.539;1.539;
/layer2/layer2.1/relu/Relu;NOT_RUN;Relu;undef;0.000;0.000;
/layer2/layer2.1/conv2/Conv/WithoutBiases;EXECUTED;Convolution;brgconv_avx2_f32;3.424;3.424;
/layer2/layer2.1/relu_1/Relu;NOT_RUN;Relu;undef;0.000;0.000;
/layer2/layer2.1/conv3/Conv/WithoutBiases;EXECUTED;Convolution;brgconv_avx2_1x1_f32;1.715;1.715;
/layer2/layer2.1/Add;NOT_RUN;Add;undef;0.000;0.000;
/layer2/layer2.1/relu_2/Relu;NOT_RUN;Relu;undef;0.000;0.000;
/layer2/layer2.2/conv1/Conv/WithoutBiases;EXECUTED;Convolution;brgconv_avx2_1x1_f32;1.578;1.578;
/layer2/layer2.2/relu/Relu;NOT_RUN;Relu;undef;0.000;0.000;
/layer2/layer2.2/conv2/Conv/WithoutBiases;EXECUTED;Convolution;brgconv_avx2_f32;3.418;3.418;
/layer2/layer2.2/relu_1/Relu;NOT_RUN;Relu;undef;0.000;0.000;
/layer2/layer2.2/conv3/Conv/WithoutBiases;EXECUTED;Convolution;brgconv_avx2_1x1_f32;1.728;1.728;
/layer2/layer2.2/Add;NOT_RUN;Add;undef;0.000;0.000;
/layer2/layer2.2/relu_2/Relu;NOT_RUN;Relu;undef;0.000;0.000;
/layer2/layer2.3/conv1/Conv/WithoutBiases;EXECUTED;Convolution;brgconv_avx2_1x1_f32;1.574;1.574;
/layer2/layer2.3/relu/Relu;NOT_RUN;Relu;undef;0.000;0.000;
/layer2/layer2.3/conv2/Conv/WithoutBiases;EXECUTED;Convolution;brgconv_avx2_f32;3.459;3.459;
/layer2/layer2.3/relu_1/Relu;NOT_RUN;Relu;undef;0.000;0.000;
/layer2/layer2.3/conv3/Conv/WithoutBiases;EXECUTED;Convolution;brgconv_avx2_1x1_f32;1.714;1.714;
/layer2/layer2.3/Add;NOT_RUN;Add;undef;0.000;0.000;
/layer2/layer2.3/relu_2/Relu;NOT_RUN;Relu;undef;0.000;0.000;
/layer3/layer3.0/conv1/Conv/WithoutBiases;EXECUTED;Convolution;brgconv_avx2_1x1_f32;2.908;2.908;
/layer3/layer3.0/relu/Relu;NOT_RUN;Relu;undef;0.000;0.000;
/layer3/layer3.0/conv2/Conv/WithoutBiases;EXECUTED;Convolution;brgconv_avx2_f32;3.353;3.353;
/layer3/layer3.0/relu_1/Relu;NOT_RUN;Relu;undef;0.000;0.000;
/layer3/layer3.0/downsample/downsample.0/Conv/WithoutBiases;EXECUTED;Convolution;brgconv_avx2_1x1_f32;3.189;3.189;
/layer3/layer3.0/conv3/Conv/WithoutBiases;EXECUTED;Convolution;brgconv_avx2_1x1_f32;1.668;1.668;
/layer3/layer3.0/Add;NOT_RUN;Add;undef;0.000;0.000;
/layer3/layer3.0/relu_2/Relu;NOT_RUN;Relu;undef;0.000;0.000;
/layer3/layer3.1/conv1/Conv/WithoutBiases;EXECUTED;Convolution;brgconv_avx2_1x1_f32;1.614;1.614;
/layer3/layer3.1/relu/Relu;NOT_RUN;Relu;undef;0.000;0.000;
/layer3/layer3.1/conv2/Conv/WithoutBiases;EXECUTED;Convolution;brgconv_avx2_f32;3.261;3.261;
/layer3/layer3.1/relu_1/Relu;NOT_RUN;Relu;undef;0.000;0.000;
/layer3/layer3.1/conv3/Conv/WithoutBiases;EXECUTED;Convolution;brgconv_avx2_1x1_f32;1.685;1.685;
/layer3/layer3.1/Add;NOT_RUN;Add;undef;0.000;0.000;
/layer3/layer3.1/relu_2/Relu;NOT_RUN;Relu;undef;0.000;0.000;
/layer3/layer3.2/conv1/Conv/WithoutBiases;EXECUTED;Convolution;brgconv_avx2_1x1_f32;1.634;1.634;
/layer3/layer3.2/relu/Relu;NOT_RUN;Relu;undef;0.000;0.000;
/layer3/layer3.2/conv2/Conv/WithoutBiases;EXECUTED;Convolution;brgconv_avx2_f32;3.243;3.243;
/layer3/layer3.2/relu_1/Relu;NOT_RUN;Relu;undef;0.000;0.000;
/layer3/layer3.2/conv3/Conv/WithoutBiases;EXECUTED;Convolution;brgconv_avx2_1x1_f32;1.700;1.700;
/layer3/layer3.2/Add;NOT_RUN;Add;undef;0.000;0.000;
/layer3/layer3.2/relu_2/Relu;NOT_RUN;Relu;undef;0.000;0.000;
/layer3/layer3.3/conv1/Conv/WithoutBiases;EXECUTED;Convolution;brgconv_avx2_1x1_f32;1.635;1.635;
/layer3/layer3.3/relu/Relu;NOT_RUN;Relu;undef;0.000;0.000;
/layer3/layer3.3/conv2/Conv/WithoutBiases;EXECUTED;Convolution;brgconv_avx2_f32;3.244;3.244;
/layer3/layer3.3/relu_1/Relu;NOT_RUN;Relu;undef;0.000;0.000;
/layer3/layer3.3/conv3/Conv/WithoutBiases;EXECUTED;Convolution;brgconv_avx2_1x1_f32;1.712;1.712;
/layer3/layer3.3/Add;NOT_RUN;Add;undef;0.000;0.000;
/layer3/layer3.3/relu_2/Relu;NOT_RUN;Relu;undef;0.000;0.000;
/layer3/layer3.4/conv1/Conv/WithoutBiases;EXECUTED;Convolution;brgconv_avx2_1x1_f32;1.642;1.642;
/layer3/layer3.4/relu/Relu;NOT_RUN;Relu;undef;0.000;0.000;
/layer3/layer3.4/conv2/Conv/WithoutBiases;EXECUTED;Convolution;brgconv_avx2_f32;3.233;3.233;
/layer3/layer3.4/relu_1/Relu;NOT_RUN;Relu;undef;0.000;0.000;
/layer3/layer3.4/conv3/Conv/WithoutBiases;EXECUTED;Convolution;brgconv_avx2_1x1_f32;1.707;1.707;
/layer3/layer3.4/Add;NOT_RUN;Add;undef;0.000;0.000;
/layer3/layer3.4/relu_2/Relu;NOT_RUN;Relu;undef;0.000;0.000;
/layer3/layer3.5/conv1/Conv/WithoutBiases;EXECUTED;Convolution;brgconv_avx2_1x1_f32;1.631;1.631;
/layer3/layer3.5/relu/Relu;NOT_RUN;Relu;undef;0.000;0.000;
/layer3/layer3.5/conv2/Conv/WithoutBiases;EXECUTED;Convolution;brgconv_avx2_f32;3.241;3.241;
/layer3/layer3.5/relu_1/Relu;NOT_RUN;Relu;undef;0.000;0.000;
/layer3/layer3.5/conv3/Conv/WithoutBiases;EXECUTED;Convolution;brgconv_avx2_1x1_f32;1.704;1.704;
/layer3/layer3.5/Add;NOT_RUN;Add;undef;0.000;0.000;
/layer3/layer3.5/relu_2/Relu;NOT_RUN;Relu;undef;0.000;0.000;
/layer4/layer4.0/conv1/Conv/WithoutBiases;EXECUTED;Convolution;brgconv_avx2_1x1_f32;3.082;3.082;
/layer4/layer4.0/relu/Relu;NOT_RUN;Relu;undef;0.000;0.000;
/layer4/layer4.0/conv2/Conv/WithoutBiases;EXECUTED;Convolution;brgconv_avx2_f32;3.507;3.507;
/layer4/layer4.0/relu_1/Relu;NOT_RUN;Relu;undef;0.000;0.000;
/layer4/layer4.0/downsample/downsample.0/Conv/WithoutBiases;EXECUTED;Convolution;brgconv_avx2_1x1_f32;3.247;3.247;
/layer4/layer4.0/conv3/Conv/WithoutBiases;EXECUTED;Convolution;brgconv_avx2_1x1_f32;1.708;1.708;
/layer4/layer4.0/Add;NOT_RUN;Add;undef;0.000;0.000;
/layer4/layer4.0/relu_2/Relu;NOT_RUN;Relu;undef;0.000;0.000;
/layer4/layer4.1/conv1/Conv/WithoutBiases;EXECUTED;Convolution;brgconv_avx2_1x1_f32;1.718;1.718;
/layer4/layer4.1/relu/Relu;NOT_RUN;Relu;undef;0.000;0.000;
/layer4/layer4.1/conv2/Conv/WithoutBiases;EXECUTED;Convolution;brgconv_avx2_f32;3.117;3.117;
/layer4/layer4.1/relu_1/Relu;NOT_RUN;Relu;undef;0.000;0.000;
/layer4/layer4.1/conv3/Conv/WithoutBiases;EXECUTED;Convolution;brgconv_avx2_1x1_f32;1.702;1.702;
/layer4/layer4.1/Add;NOT_RUN;Add;undef;0.000;0.000;
/layer4/layer4.1/relu_2/Relu;NOT_RUN;Relu;undef;0.000;0.000;
/layer4/layer4.2/conv1/Conv/WithoutBiases;EXECUTED;Convolution;brgconv_avx2_1x1_f32;1.690;1.690;
/layer4/layer4.2/relu/Relu;NOT_RUN;Relu;undef;0.000;0.000;
/layer4/layer4.2/conv2/Conv/WithoutBiases;EXECUTED;Convolution;brgconv_avx2_f32;3.083;3.083;
/layer4/layer4.2/relu_1/Relu;NOT_RUN;Relu;undef;0.000;0.000;
/layer4/layer4.2/conv3/Conv/WithoutBiases;EXECUTED;Convolution;brgconv_avx2_1x1_f32;1.675;1.675;
/layer4/layer4.2/Add;NOT_RUN;Add;undef;0.000;0.000;
/layer4/layer4.2/relu_2/Relu;NOT_RUN;Relu;undef;0.000;0.000;
/avgpool/GlobalAveragePool;EXECUTED;ReduceMean;jit_avx2_f32;0.107;0.107;
/avgpool/GlobalAveragePool_acdb_abcd_/Flatten;NOT_RUN;Reorder;reorder_f32;0.000;0.000;
/Flatten;NOT_RUN;Reshape;unknown_f32;0.000;0.000;
prob;EXECUTED;FullyConnected;gemm_mlas_f32;0.455;0.455;
prob/sink_port_0;NOT_RUN;Result;unknown_f32;0.000;0.000;
Total;;;;124.113;124.113;

layerName;execStatus;layerType;execType;realTime (ms);cpuTime (ms);
data;NOT_RUN;Parameter;unknown_I8;0.000;0.000;
Divide_894;EXECUTED;Subgraph;jit_avx2_I8;0.071;0.071;
Divide_894_abcd_acdb_/conv1/Conv/WithoutBiases;EXECUTED;Reorder;jit_uni_f32;0.088;0.088;
/conv1/Conv/WithoutBiases;EXECUTED;Convolution;brgconv_avx2_f32;3.331;3.331;
/relu/Relu;NOT_RUN;Relu;undef;0.000;0.000;
/maxpool/MaxPool;EXECUTED;MaxPool;jit_avx2_f32;0.342;0.342;
/layer1/layer1.0/conv1/Conv/WithoutBiases;EXECUTED;Convolution;brgconv_avx2_1x1_f32;0.467;0.467;
/layer1/layer1.0/relu/Relu;NOT_RUN;Relu;undef;0.000;0.000;
/layer1/layer1.0/conv2/Conv/WithoutBiases;EXECUTED;Convolution;brgconv_avx2_f32;3.242;3.242;
/layer1/layer1.0/relu_1/Relu;NOT_RUN;Relu;undef;0.000;0.000;
/layer1/layer1.0/downsample/downsample.0/Conv/WithoutBiases;EXECUTED;Convolution;brgconv_avx2_1x1_f32;1.619;1.619;
/layer1/layer1.0/conv3/Conv/WithoutBiases;EXECUTED;Convolution;brgconv_avx2_1x1_f32;1.622;1.622;
/layer1/layer1.0/Add;NOT_RUN;Add;undef;0.000;0.000;
/layer1/layer1.0/relu_2/Relu;NOT_RUN;Relu;undef;0.000;0.000;
/layer1/layer1.1/conv1/Conv/WithoutBiases;EXECUTED;Convolution;brgconv_avx2_1x1_f32;1.550;1.550;
/layer1/layer1.1/relu/Relu;NOT_RUN;Relu;undef;0.000;0.000;
/layer1/layer1.1/conv2/Conv/WithoutBiases;EXECUTED;Convolution;brgconv_avx2_f32;3.291;3.291;
/layer1/layer1.1/relu_1/Relu;NOT_RUN;Relu;undef;0.000;0.000;
/layer1/layer1.1/conv3/Conv/WithoutBiases;EXECUTED;Convolution;brgconv_avx2_1x1_f32;1.732;1.732;
/layer1/layer1.1/Add;NOT_RUN;Add;undef;0.000;0.000;
/layer1/layer1.1/relu_2/Relu;NOT_RUN;Relu;undef;0.000;0.000;
/layer1/layer1.2/conv1/Conv/WithoutBiases;EXECUTED;Convolution;brgconv_avx2_1x1_f32;1.557;1.557;
/layer1/layer1.2/relu/Relu;NOT_RUN;Relu;undef;0.000;0.000;
/layer1/layer1.2/conv2/Conv/WithoutBiases;EXECUTED;Convolution;brgconv_avx2_f32;3.256;3.256;
/layer1/layer1.2/relu_1/Relu;NOT_RUN;Relu;undef;0.000;0.000;
/layer1/layer1.2/conv3/Conv/WithoutBiases;EXECUTED;Convolution;brgconv_avx2_1x1_f32;1.736;1.736;
/layer1/layer1.2/Add;NOT_RUN;Add;undef;0.000;0.000;
/layer1/layer1.2/relu_2/Relu;NOT_RUN;Relu;undef;0.000;0.000;
/layer2/layer2.0/conv1/Conv/WithoutBiases;EXECUTED;Convolution;brgconv_avx2_1x1_f32;2.956;2.956;
/layer2/layer2.0/relu/Relu;NOT_RUN;Relu;undef;0.000;0.000;
/layer2/layer2.0/conv2/Conv/WithoutBiases;EXECUTED;Convolution;brgconv_avx2_f32;3.242;3.242;
/layer2/layer2.0/relu_1/Relu;NOT_RUN;Relu;undef;0.000;0.000;
/layer2/layer2.0/downsample/downsample.0/Conv/WithoutBiases;EXECUTED;Convolution;brgconv_avx2_1x1_f32;2.886;2.886;
/layer2/layer2.0/conv3/Conv/WithoutBiases;EXECUTED;Convolution;brgconv_avx2_1x1_f32;1.624;1.624;
/layer2/layer2.0/Add;NOT_RUN;Add;undef;0.000;0.000;
/layer2/layer2.0/relu_2/Relu;NOT_RUN;Relu;undef;0.000;0.000;
/layer2/layer2.1/conv1/Conv/WithoutBiases;EXECUTED;Convolution;brgconv_avx2_1x1_f32;1.595;1.595;
/layer2/layer2.1/relu/Relu;NOT_RUN;Relu;undef;0.000;0.000;
/layer2/layer2.1/conv2/Conv/WithoutBiases;EXECUTED;Convolution;brgconv_avx2_f32;3.217;3.217;
/layer2/layer2.1/relu_1/Relu;NOT_RUN;Relu;undef;0.000;0.000;
/layer2/layer2.1/conv3/Conv/WithoutBiases;EXECUTED;Convolution;brgconv_avx2_1x1_f32;1.679;1.679;
/layer2/layer2.1/Add;NOT_RUN;Add;undef;0.000;0.000;
/layer2/layer2.1/relu_2/Relu;NOT_RUN;Relu;undef;0.000;0.000;
/layer2/layer2.2/conv1/Conv/WithoutBiases;EXECUTED;Convolution;brgconv_avx2_1x1_f32;1.617;1.617;
/layer2/layer2.2/relu/Relu;NOT_RUN;Relu;undef;0.000;0.000;
/layer2/layer2.2/conv2/Conv/WithoutBiases;EXECUTED;Convolution;brgconv_avx2_f32;3.254;3.254;
/layer2/layer2.2/relu_1/Relu;NOT_RUN;Relu;undef;0.000;0.000;
/layer2/layer2.2/conv3/Conv/WithoutBiases;EXECUTED;Convolution;brgconv_avx2_1x1_f32;1.682;1.682;
/layer2/layer2.2/Add;NOT_RUN;Add;undef;0.000;0.000;
/layer2/layer2.2/relu_2/Relu;NOT_RUN;Relu;undef;0.000;0.000;
/layer2/layer2.3/conv1/Conv/WithoutBiases;EXECUTED;Convolution;brgconv_avx2_1x1_f32;1.606;1.606;
/layer2/layer2.3/relu/Relu;NOT_RUN;Relu;undef;0.000;0.000;
/layer2/layer2.3/conv2/Conv/WithoutBiases;EXECUTED;Convolution;brgconv_avx2_f32;3.166;3.166;
/layer2/layer2.3/relu_1/Relu;NOT_RUN;Relu;undef;0.000;0.000;
/layer2/layer2.3/conv3/Conv/WithoutBiases;EXECUTED;Convolution;brgconv_avx2_1x1_f32;1.678;1.678;
/layer2/layer2.3/Add;NOT_RUN;Add;undef;0.000;0.000;
/layer2/layer2.3/relu_2/Relu;NOT_RUN;Relu;undef;0.000;0.000;
/layer3/layer3.0/conv1/Conv/WithoutBiases;EXECUTED;Convolution;brgconv_avx2_1x1_f32;2.980;2.980;
/layer3/layer3.0/relu/Relu;NOT_RUN;Relu;undef;0.000;0.000;
/layer3/layer3.0/conv2/Conv/WithoutBiases;EXECUTED;Convolution;brgconv_avx2_f32;3.199;3.199;
/layer3/layer3.0/relu_1/Relu;NOT_RUN;Relu;undef;0.000;0.000;
/layer3/layer3.0/downsample/downsample.0/Conv/WithoutBiases;EXECUTED;Convolution;brgconv_avx2_1x1_f32;3.015;3.015;
/layer3/layer3.0/conv3/Conv/WithoutBiases;EXECUTED;Convolution;brgconv_avx2_1x1_f32;1.574;1.574;
/layer3/layer3.0/Add;NOT_RUN;Add;undef;0.000;0.000;
/layer3/layer3.0/relu_2/Relu;NOT_RUN;Relu;undef;0.000;0.000;
/layer3/layer3.1/conv1/Conv/WithoutBiases;EXECUTED;Convolution;brgconv_avx2_1x1_f32;1.516;1.516;
/layer3/layer3.1/relu/Relu;NOT_RUN;Relu;undef;0.000;0.000;
/layer3/layer3.1/conv2/Conv/WithoutBiases;EXECUTED;Convolution;brgconv_avx2_f32;3.023;3.023;
/layer3/layer3.1/relu_1/Relu;NOT_RUN;Relu;undef;0.000;0.000;
/layer3/layer3.1/conv3/Conv/WithoutBiases;EXECUTED;Convolution;brgconv_avx2_1x1_f32;1.587;1.587;
/layer3/layer3.1/Add;NOT_RUN;Add;undef;0.000;0.000;
/layer3/layer3.1/relu_2/Relu;NOT_RUN;Relu;undef;0.000;0.000;
/layer3/layer3.2/conv1/Conv/WithoutBiases;EXECUTED;Convolution;brgconv_avx2_1x1_f32;1.553;1.553;
/layer3/layer3.2/relu/Relu;NOT_RUN;Relu;undef;0.000;0.000;
/layer3/layer3.2/conv2/Conv/WithoutBiases;EXECUTED;Convolution;brgconv_avx2_f32;2.998;2.998;
/layer3/layer3.2/relu_1/Relu;NOT_RUN;Relu;undef;0.000;0.000;
/layer3/layer3.2/conv3/Conv/WithoutBiases;EXECUTED;Convolution;brgconv_avx2_1x1_f32;1.595;1.595;
/layer3/layer3.2/Add;NOT_RUN;Add;undef;0.000;0.000;
/layer3/layer3.2/relu_2/Relu;NOT_RUN;Relu;undef;0.000;0.000;
/layer3/layer3.3/conv1/Conv/WithoutBiases;EXECUTED;Convolution;brgconv_avx2_1x1_f32;1.519;1.519;
/layer3/layer3.3/relu/Relu;NOT_RUN;Relu;undef;0.000;0.000;
/layer3/layer3.3/conv2/Conv/WithoutBiases;EXECUTED;Convolution;brgconv_avx2_f32;3.098;3.098;
/layer3/layer3.3/relu_1/Relu;NOT_RUN;Relu;undef;0.000;0.000;
/layer3/layer3.3/conv3/Conv/WithoutBiases;EXECUTED;Convolution;brgconv_avx2_1x1_f32;1.635;1.635;
/layer3/layer3.3/Add;NOT_RUN;Add;undef;0.000;0.000;
/layer3/layer3.3/relu_2/Relu;NOT_RUN;Relu;undef;0.000;0.000;
/layer3/layer3.4/conv1/Conv/WithoutBiases;EXECUTED;Convolution;brgconv_avx2_1x1_f32;1.588;1.588;
/layer3/layer3.4/relu/Relu;NOT_RUN;Relu;undef;0.000;0.000;
/layer3/layer3.4/conv2/Conv/WithoutBiases;EXECUTED;Convolution;brgconv_avx2_f32;3.045;3.045;
/layer3/layer3.4/relu_1/Relu;NOT_RUN;Relu;undef;0.000;0.000;
/layer3/layer3.4/conv3/Conv/WithoutBiases;EXECUTED;Convolution;brgconv_avx2_1x1_f32;1.638;1.638;
/layer3/layer3.4/Add;NOT_RUN;Add;undef;0.000;0.000;
/layer3/layer3.4/relu_2/Relu;NOT_RUN;Relu;undef;0.000;0.000;
/layer3/layer3.5/conv1/Conv/WithoutBiases;EXECUTED;Convolution;brgconv_avx2_1x1_f32;1.553;1.553;
/layer3/layer3.5/relu/Relu;NOT_RUN;Relu;undef;0.000;0.000;
/layer3/layer3.5/conv2/Conv/WithoutBiases;EXECUTED;Convolution;brgconv_avx2_f32;3.031;3.031;
/layer3/layer3.5/relu_1/Relu;NOT_RUN;Relu;undef;0.000;0.000;
/layer3/layer3.5/conv3/Conv/WithoutBiases;EXECUTED;Convolution;brgconv_avx2_1x1_f32;1.604;1.604;
/layer3/layer3.5/Add;NOT_RUN;Add;undef;0.000;0.000;
/layer3/layer3.5/relu_2/Relu;NOT_RUN;Relu;undef;0.000;0.000;
/layer4/layer4.0/conv1/Conv/WithoutBiases;EXECUTED;Convolution;brgconv_avx2_1x1_f32;2.890;2.890;
/layer4/layer4.0/relu/Relu;NOT_RUN;Relu;undef;0.000;0.000;
/layer4/layer4.0/conv2/Conv/WithoutBiases;EXECUTED;Convolution;brgconv_avx2_f32;3.639;3.639;
/layer4/layer4.0/relu_1/Relu;NOT_RUN;Relu;undef;0.000;0.000;
/layer4/layer4.0/downsample/downsample.0/Conv/WithoutBiases;EXECUTED;Convolution;brgconv_avx2_1x1_f32;3.139;3.139;
/layer4/layer4.0/conv3/Conv/WithoutBiases;EXECUTED;Convolution;brgconv_avx2_1x1_f32;1.658;1.658;
/layer4/layer4.0/Add;NOT_RUN;Add;undef;0.000;0.000;
/layer4/layer4.0/relu_2/Relu;NOT_RUN;Relu;undef;0.000;0.000;
/layer4/layer4.1/conv1/Conv/WithoutBiases;EXECUTED;Convolution;brgconv_avx2_1x1_f32;1.649;1.649;
/layer4/layer4.1/relu/Relu;NOT_RUN;Relu;undef;0.000;0.000;
/layer4/layer4.1/conv2/Conv/WithoutBiases;EXECUTED;Convolution;brgconv_avx2_f32;3.068;3.068;
/layer4/layer4.1/relu_1/Relu;NOT_RUN;Relu;undef;0.000;0.000;
/layer4/layer4.1/conv3/Conv/WithoutBiases;EXECUTED;Convolution;brgconv_avx2_1x1_f32;1.683;1.683;
/layer4/layer4.1/Add;NOT_RUN;Add;undef;0.000;0.000;
/layer4/layer4.1/relu_2/Relu;NOT_RUN;Relu;undef;0.000;0.000;
/layer4/layer4.2/conv1/Conv/WithoutBiases;EXECUTED;Convolution;brgconv_avx2_1x1_f32;1.641;1.641;
/layer4/layer4.2/relu/Relu;NOT_RUN;Relu;undef;0.000;0.000;
/layer4/layer4.2/conv2/Conv/WithoutBiases;EXECUTED;Convolution;brgconv_avx2_f32;3.043;3.043;
/layer4/layer4.2/relu_1/Relu;NOT_RUN;Relu;undef;0.000;0.000;
/layer4/layer4.2/conv3/Conv/WithoutBiases;EXECUTED;Convolution;brgconv_avx2_1x1_f32;1.658;1.658;
/layer4/layer4.2/Add;NOT_RUN;Add;undef;0.000;0.000;
/layer4/layer4.2/relu_2/Relu;NOT_RUN;Relu;undef;0.000;0.000;
/avgpool/GlobalAveragePool;EXECUTED;ReduceMean;jit_avx2_f32;0.082;0.082;
/avgpool/GlobalAveragePool_acdb_abcd_/Flatten;NOT_RUN;Reorder;reorder_f32;0.000;0.000;
/Flatten;NOT_RUN;Reshape;unknown_f32;0.000;0.000;
prob;EXECUTED;FullyConnected;gemm_mlas_f32;0.519;0.519;
prob/sink_port_0;NOT_RUN;Result;unknown_f32;0.000;0.000;
Total;;;;120.526;120.526;

layerName;execStatus;layerType;execType;realTime (ms);cpuTime (ms);
data;NOT_RUN;Parameter;unknown_I8;0.000;0.000;
Divide_894;EXECUTED;Subgraph;jit_avx2_I8;0.078;0.078;
Divide_894_abcd_acdb_/conv1/Conv/WithoutBiases;EXECUTED;Reorder;jit_uni_f32;0.121;0.121;
/conv1/Conv/WithoutBiases;EXECUTED;Convolution;brgconv_avx2_f32;3.305;3.305;
/relu/Relu;NOT_RUN;Relu;undef;0.000;0.000;
/maxpool/MaxPool;EXECUTED;MaxPool;jit_avx2_f32;0.382;0.382;
/layer1/layer1.0/conv1/Conv/WithoutBiases;EXECUTED;Convolution;brgconv_avx2_1x1_f32;0.498;0.498;
/layer1/layer1.0/relu/Relu;NOT_RUN;Relu;undef;0.000;0.000;
/layer1/layer1.0/conv2/Conv/WithoutBiases;EXECUTED;Convolution;brgconv_avx2_f32;3.144;3.144;
/layer1/layer1.0/relu_1/Relu;NOT_RUN;Relu;undef;0.000;0.000;
/layer1/layer1.0/downsample/downsample.0/Conv/WithoutBiases;EXECUTED;Convolution;brgconv_avx2_1x1_f32;1.601;1.601;
/layer1/layer1.0/conv3/Conv/WithoutBiases;EXECUTED;Convolution;brgconv_avx2_1x1_f32;1.687;1.687;
/layer1/layer1.0/Add;NOT_RUN;Add;undef;0.000;0.000;
/layer1/layer1.0/relu_2/Relu;NOT_RUN;Relu;undef;0.000;0.000;
/layer1/layer1.1/conv1/Conv/WithoutBiases;EXECUTED;Convolution;brgconv_avx2_1x1_f32;1.563;1.563;
/layer1/layer1.1/relu/Relu;NOT_RUN;Relu;undef;0.000;0.000;
/layer1/layer1.1/conv2/Conv/WithoutBiases;EXECUTED;Convolution;brgconv_avx2_f32;3.228;3.228;
/layer1/layer1.1/relu_1/Relu;NOT_RUN;Relu;undef;0.000;0.000;
/layer1/layer1.1/conv3/Conv/WithoutBiases;EXECUTED;Convolution;brgconv_avx2_1x1_f32;1.723;1.723;
/layer1/layer1.1/Add;NOT_RUN;Add;undef;0.000;0.000;
/layer1/layer1.1/relu_2/Relu;NOT_RUN;Relu;undef;0.000;0.000;
/layer1/layer1.2/conv1/Conv/WithoutBiases;EXECUTED;Convolution;brgconv_avx2_1x1_f32;1.586;1.586;
/layer1/layer1.2/relu/Relu;NOT_RUN;Relu;undef;0.000;0.000;
/layer1/layer1.2/conv2/Conv/WithoutBiases;EXECUTED;Convolution;brgconv_avx2_f32;3.181;3.181;
/layer1/layer1.2/relu_1/Relu;NOT_RUN;Relu;undef;0.000;0.000;
/layer1/layer1.2/conv3/Conv/WithoutBiases;EXECUTED;Convolution;brgconv_avx2_1x1_f32;1.703;1.703;
/layer1/layer1.2/Add;NOT_RUN;Add;undef;0.000;0.000;
/layer1/layer1.2/relu_2/Relu;NOT_RUN;Relu;undef;0.000;0.000;
/layer2/layer2.0/conv1/Conv/WithoutBiases;EXECUTED;Convolution;brgconv_avx2_1x1_f32;2.953;2.953;
/layer2/layer2.0/relu/Relu;NOT_RUN;Relu;undef;0.000;0.000;
/layer2/layer2.0/conv2/Conv/WithoutBiases;EXECUTED;Convolution;brgconv_avx2_f32;3.231;3.231;
/layer2/layer2.0/relu_1/Relu;NOT_RUN;Relu;undef;0.000;0.000;
/layer2/layer2.0/downsample/downsample.0/Conv/WithoutBiases;EXECUTED;Convolution;brgconv_avx2_1x1_f32;3.007;3.007;
/layer2/layer2.0/conv3/Conv/WithoutBiases;EXECUTED;Convolution;brgconv_avx2_1x1_f32;1.708;1.708;
/layer2/layer2.0/Add;NOT_RUN;Add;undef;0.000;0.000;
/layer2/layer2.0/relu_2/Relu;NOT_RUN;Relu;undef;0.000;0.000;
/layer2/layer2.1/conv1/Conv/WithoutBiases;EXECUTED;Convolution;brgconv_avx2_1x1_f32;1.583;1.583;
/layer2/layer2.1/relu/Relu;NOT_RUN;Relu;undef;0.000;0.000;
/layer2/layer2.1/conv2/Conv/WithoutBiases;EXECUTED;Convolution;brgconv_avx2_f32;3.334;3.334;
/layer2/layer2.1/relu_1/Relu;NOT_RUN;Relu;undef;0.000;0.000;
/layer2/layer2.1/conv3/Conv/WithoutBiases;EXECUTED;Convolution;brgconv_avx2_1x1_f32;1.688;1.688;
/layer2/layer2.1/Add;NOT_RUN;Add;undef;0.000;0.000;
/layer2/layer2.1/relu_2/Relu;NOT_RUN;Relu;undef;0.000;0.000;
/layer2/layer2.2/conv1/Conv/WithoutBiases;EXECUTED;Convolution;brgconv_avx2_1x1_f32;1.593;1.593;
/layer2/layer2.2/relu/Relu;NOT_RUN;Relu;undef;0.000;0.000;
/layer2/layer2.2/conv2/Conv/WithoutBiases;EXECUTED;Convolution;brgconv_avx2_f32;3.337;3.337;
/layer2/layer2.2/relu_1/Relu;NOT_RUN;Relu;undef;0.000;0.000;
/layer2/layer2.2/conv3/Conv/WithoutBiases;EXECUTED;Convolution;brgconv_avx2_1x1_f32;1.722;1.722;
/layer2/layer2.2/Add;NOT_RUN;Add;undef;0.000;0.000;
/layer2/layer2.2/relu_2/Relu;NOT_RUN;Relu;undef;0.000;0.000;
/layer2/layer2.3/conv1/Conv/WithoutBiases;EXECUTED;Convolution;brgconv_avx2_1x1_f32;1.585;1.585;
/layer2/layer2.3/relu/Relu;NOT_RUN;Relu;undef;0.000;0.000;
/layer2/layer2.3/conv2/Conv/WithoutBiases;EXECUTED;Convolution;brgconv_avx2_f32;3.348;3.348;
/layer2/layer2.3/relu_1/Relu;NOT_RUN;Relu;undef;0.000;0.000;
/layer2/layer2.3/conv3/Conv/WithoutBiases;EXECUTED;Convolution;brgconv_avx2_1x1_f32;1.729;1.729;
/layer2/layer2.3/Add;NOT_RUN;Add;undef;0.000;0.000;
/layer2/layer2.3/relu_2/Relu;NOT_RUN;Relu;undef;0.000;0.000;
/layer3/layer3.0/conv1/Conv/WithoutBiases;EXECUTED;Convolution;brgconv_avx2_1x1_f32;2.914;2.914;
/layer3/layer3.0/relu/Relu;NOT_RUN;Relu;undef;0.000;0.000;
/layer3/layer3.0/conv2/Conv/WithoutBiases;EXECUTED;Convolution;brgconv_avx2_f32;3.283;3.283;
/layer3/layer3.0/relu_1/Relu;NOT_RUN;Relu;undef;0.000;0.000;
/layer3/layer3.0/downsample/downsample.0/Conv/WithoutBiases;EXECUTED;Convolution;brgconv_avx2_1x1_f32;3.126;3.126;
/layer3/layer3.0/conv3/Conv/WithoutBiases;EXECUTED;Convolution;brgconv_avx2_1x1_f32;1.682;1.682;
/layer3/layer3.0/Add;NOT_RUN;Add;undef;0.000;0.000;
/layer3/layer3.0/relu_2/Relu;NOT_RUN;Relu;undef;0.000;0.000;
/layer3/layer3.1/conv1/Conv/WithoutBiases;EXECUTED;Convolution;brgconv_avx2_1x1_f32;1.635;1.635;
/layer3/layer3.1/relu/Relu;NOT_RUN;Relu;undef;0.000;0.000;
/layer3/layer3.1/conv2/Conv/WithoutBiases;EXECUTED;Convolution;brgconv_avx2_f32;3.209;3.209;
/layer3/layer3.1/relu_1/Relu;NOT_RUN;Relu;undef;0.000;0.000;
/layer3/layer3.1/conv3/Conv/WithoutBiases;EXECUTED;Convolution;brgconv_avx2_1x1_f32;1.699;1.699;
/layer3/layer3.1/Add;NOT_RUN;Add;undef;0.000;0.000;
/layer3/layer3.1/relu_2/Relu;NOT_RUN;Relu;undef;0.000;0.000;
/layer3/layer3.2/conv1/Conv/WithoutBiases;EXECUTED;Convolution;brgconv_avx2_1x1_f32;1.622;1.622;
/layer3/layer3.2/relu/Relu;NOT_RUN;Relu;undef;0.000;0.000;
/layer3/layer3.2/conv2/Conv/WithoutBiases;EXECUTED;Convolution;brgconv_avx2_f32;3.213;3.213;
/layer3/layer3.2/relu_1/Relu;NOT_RUN;Relu;undef;0.000;0.000;
/layer3/layer3.2/conv3/Conv/WithoutBiases;EXECUTED;Convolution;brgconv_avx2_1x1_f32;1.707;1.707;
/layer3/layer3.2/Add;NOT_RUN;Add;undef;0.000;0.000;
/layer3/layer3.2/relu_2/Relu;NOT_RUN;Relu;undef;0.000;0.000;
/layer3/layer3.3/conv1/Conv/WithoutBiases;EXECUTED;Convolution;brgconv_avx2_1x1_f32;1.602;1.602;
/layer3/layer3.3/relu/Relu;NOT_RUN;Relu;undef;0.000;0.000;
/layer3/layer3.3/conv2/Conv/WithoutBiases;EXECUTED;Convolution;brgconv_avx2_f32;3.222;3.222;
/layer3/layer3.3/relu_1/Relu;NOT_RUN;Relu;undef;0.000;0.000;
/layer3/layer3.3/conv3/Conv/WithoutBiases;EXECUTED;Convolution;brgconv_avx2_1x1_f32;1.651;1.651;
/layer3/layer3.3/Add;NOT_RUN;Add;undef;0.000;0.000;
/layer3/layer3.3/relu_2/Relu;NOT_RUN;Relu;undef;0.000;0.000;
/layer3/layer3.4/conv1/Conv/WithoutBiases;EXECUTED;Convolution;brgconv_avx2_1x1_f32;1.649;1.649;
/layer3/layer3.4/relu/Relu;NOT_RUN;Relu;undef;0.000;0.000;
/layer3/layer3.4/conv2/Conv/WithoutBiases;EXECUTED;Convolution;brgconv_avx2_f32;3.216;3.216;
/layer3/layer3.4/relu_1/Relu;NOT_RUN;Relu;undef;0.000;0.000;
/layer3/layer3.4/conv3/Conv/WithoutBiases;EXECUTED;Convolution;brgconv_avx2_1x1_f32;1.682;1.682;
/layer3/layer3.4/Add;NOT_RUN;Add;undef;0.000;0.000;
/layer3/layer3.4/relu_2/Relu;NOT_RUN;Relu;undef;0.000;0.000;
/layer3/layer3.5/conv1/Conv/WithoutBiases;EXECUTED;Convolution;brgconv_avx2_1x1_f32;1.617;1.617;
/layer3/layer3.5/relu/Relu;NOT_RUN;Relu;undef;0.000;0.000;
/layer3/layer3.5/conv2/Conv/WithoutBiases;EXECUTED;Convolution;brgconv_avx2_f32;3.209;3.209;
/layer3/layer3.5/relu_1/Relu;NOT_RUN;Relu;undef;0.000;0.000;
/layer3/layer3.5/conv3/Conv/WithoutBiases;EXECUTED;Convolution;brgconv_avx2_1x1_f32;1.677;1.677;
/layer3/layer3.5/Add;NOT_RUN;Add;undef;0.000;0.000;
/layer3/layer3.5/relu_2/Relu;NOT_RUN;Relu;undef;0.000;0.000;
/layer4/layer4.0/conv1/Conv/WithoutBiases;EXECUTED;Convolution;brgconv_avx2_1x1_f32;3.056;3.056;
/layer4/layer4.0/relu/Relu;NOT_RUN;Relu;undef;0.000;0.000;
/layer4/layer4.0/conv2/Conv/WithoutBiases;EXECUTED;Convolution;brgconv_avx2_f32;3.439;3.439;
/layer4/layer4.0/relu_1/Relu;NOT_RUN;Relu;undef;0.000;0.000;
/layer4/layer4.0/downsample/downsample.0/Conv/WithoutBiases;EXECUTED;Convolution;brgconv_avx2_1x1_f32;3.285;3.285;
/layer4/layer4.0/conv3/Conv/WithoutBiases;EXECUTED;Convolution;brgconv_avx2_1x1_f32;1.695;1.695;
/layer4/layer4.0/Add;NOT_RUN;Add;undef;0.000;0.000;
/layer4/layer4.0/relu_2/Relu;NOT_RUN;Relu;undef;0.000;0.000;
/layer4/layer4.1/conv1/Conv/WithoutBiases;EXECUTED;Convolution;brgconv_avx2_1x1_f32;1.731;1.731;
/layer4/layer4.1/relu/Relu;NOT_RUN;Relu;undef;0.000;0.000;
/layer4/layer4.1/conv2/Conv/WithoutBiases;EXECUTED;Convolution;brgconv_avx2_f32;3.071;3.071;
/layer4/layer4.1/relu_1/Relu;NOT_RUN;Relu;undef;0.000;0.000;
/layer4/layer4.1/conv3/Conv/WithoutBiases;EXECUTED;Convolution;brgconv_avx2_1x1_f32;1.717;1.717;
/layer4/layer4.1/Add;NOT_RUN;Add;undef;0.000;0.000;
/layer4/layer4.1/relu_2/Relu;NOT_RUN;Relu;undef;0.000;0.000;
/layer4/layer4.2/conv1/Conv/WithoutBiases;EXECUTED;Convolution;brgconv_avx2_1x1_f32;1.734;1.734;
/layer4/layer4.2/relu/Relu;NOT_RUN;Relu;undef;0.000;0.000;
/layer4/layer4.2/conv2/Conv/WithoutBiases;EXECUTED;Convolution;brgconv_avx2_f32;3.088;3.088;
/layer4/layer4.2/relu_1/Relu;NOT_RUN;Relu;undef;0.000;0.000;
/layer4/layer4.2/conv3/Conv/WithoutBiases;EXECUTED;Convolution;brgconv_avx2_1x1_f32;1.721;1.721;
/layer4/layer4.2/Add;NOT_RUN;Add;undef;0.000;0.000;
/layer4/layer4.2/relu_2/Relu;NOT_RUN;Relu;undef;0.000;0.000;
/avgpool/GlobalAveragePool;EXECUTED;ReduceMean;jit_avx2_f32;0.106;0.106;
/avgpool/GlobalAveragePool_acdb_abcd_/Flatten;NOT_RUN;Reorder;reorder_f32;0.000;0.000;
/Flatten;NOT_RUN;Reshape;unknown_f32;0.000;0.000;
prob;EXECUTED;FullyConnected;gemm_mlas_f32;0.510;0.510;
prob/sink_port_0;NOT_RUN;Result;unknown_f32;0.000;0.000;
Total;;;;123.386;123.386;

layerName;execStatus;layerType;execType;realTime (ms);cpuTime (ms);
data;NOT_RUN;Parameter;unknown_I8;0.000;0.000;
Divide_894;EXECUTED;Subgraph;jit_avx2_I8;0.076;0.076;
Divide_894_abcd_acdb_/conv1/Conv/WithoutBiases;EXECUTED;Reorder;jit_uni_f32;0.111;0.111;
/conv1/Conv/WithoutBiases;EXECUTED;Convolution;brgconv_avx2_f32;3.342;3.342;
/relu/Relu;NOT_RUN;Relu;undef;0.000;0.000;
/maxpool/MaxPool;EXECUTED;MaxPool;jit_avx2_f32;0.370;0.370;
/layer1/layer1.0/conv1/Conv/WithoutBiases;EXECUTED;Convolution;brgconv_avx2_1x1_f32;0.479;0.479;
/layer1/layer1.0/relu/Relu;NOT_RUN;Relu;undef;0.000;0.000;
/layer1/layer1.0/conv2/Conv/WithoutBiases;EXECUTED;Convolution;brgconv_avx2_f32;3.194;3.194;
/layer1/layer1.0/relu_1/Relu;NOT_RUN;Relu;undef;0.000;0.000;
/layer1/layer1.0/downsample/downsample.0/Conv/WithoutBiases;EXECUTED;Convolution;brgconv_avx2_1x1_f32;1.597;1.597;
/layer1/layer1.0/conv3/Conv/WithoutBiases;EXECUTED;Convolution;brgconv_avx2_1x1_f32;1.666;1.666;
/layer1/layer1.0/Add;NOT_RUN;Add;undef;0.000;0.000;
/layer1/layer1.0/relu_2/Relu;NOT_RUN;Relu;undef;0.000;0.000;
/layer1/layer1.1/conv1/Conv/WithoutBiases;EXECUTED;Convolution;brgconv_avx2_1x1_f32;1.562;1.562;
/layer1/layer1.1/relu/Relu;NOT_RUN;Relu;undef;0.000;0.000;
/layer1/layer1.1/conv2/Conv/WithoutBiases;EXECUTED;Convolution;brgconv_avx2_f32;3.251;3.251;
/layer1/layer1.1/relu_1/Relu;NOT_RUN;Relu;undef;0.000;0.000;
/layer1/layer1.1/conv3/Conv/WithoutBiases;EXECUTED;Convolution;brgconv_avx2_1x1_f32;1.670;1.670;
/layer1/layer1.1/Add;NOT_RUN;Add;undef;0.000;0.000;
/layer1/layer1.1/relu_2/Relu;NOT_RUN;Relu;undef;0.000;0.000;
/layer1/layer1.2/conv1/Conv/WithoutBiases;EXECUTED;Convolution;brgconv_avx2_1x1_f32;1.600;1.600;
/layer1/layer1.2/relu/Relu;NOT_RUN;Relu;undef;0.000;0.000;
/layer1/layer1.2/conv2/Conv/WithoutBiases;EXECUTED;Convolution;brgconv_avx2_f32;3.242;3.242;
/layer1/layer1.2/relu_1/Relu;NOT_RUN;Relu;undef;0.000;0.000;
/layer1/layer1.2/conv3/Conv/WithoutBiases;EXECUTED;Convolution;brgconv_avx2_1x1_f32;1.664;1.664;
/layer1/layer1.2/Add;NOT_RUN;Add;undef;0.000;0.000;
/layer1/layer1.2/relu_2/Relu;NOT_RUN;Relu;undef;0.000;0.000;
/layer2/layer2.0/conv1/Conv/WithoutBiases;EXECUTED;Convolution;brgconv_avx2_1x1_f32;2.970;2.970;
/layer2/layer2.0/relu/Relu;NOT_RUN;Relu;undef;0.000;0.000;
/layer2/layer2.0/conv2/Conv/WithoutBiases;EXECUTED;Convolution;brgconv_avx2_f32;3.254;3.254;
/layer2/layer2.0/relu_1/Relu;NOT_RUN;Relu;undef;0.000;0.000;
/layer2/layer2.0/downsample/downsample.0/Conv/WithoutBiases;EXECUTED;Convolution;brgconv_avx2_1x1_f32;3.079;3.079;
/layer2/layer2.0/conv3/Conv/WithoutBiases;EXECUTED;Convolution;brgconv_avx2_1x1_f32;1.702;1.702;
/layer2/layer2.0/Add;NOT_RUN;Add;undef;0.000;0.000;
/layer2/layer2.0/relu_2/Relu;NOT_RUN;Relu;undef;0.000;0.000;
/layer2/layer2.1/conv1/Conv/WithoutBiases;EXECUTED;Convolution;brgconv_avx2_1x1_f32;1.568;1.568;
/layer2/layer2.1/relu/Relu;NOT_RUN;Relu;undef;0.000;0.000;
/layer2/layer2.1/conv2/Conv/WithoutBiases;EXECUTED;Convolution;brgconv_avx2_f32;3.451;3.451;
/layer2/layer2.1/relu_1/Relu;NOT_RUN;Relu;undef;0.000;0.000;
/layer2/layer2.1/conv3/Conv/WithoutBiases;EXECUTED;Convolution;brgconv_avx2_1x1_f32;1.707;1.707;
/layer2/layer2.1/Add;NOT_RUN;Add;undef;0.000;0.000;
/layer2/layer2.1/relu_2/Relu;NOT_RUN;Relu;undef;0.000;0.000;
/layer2/layer2.2/conv1/Conv/WithoutBiases;EXECUTED;Convolution;brgconv_avx2_1x1_f32;1.565;1.565;
/layer2/layer2.2/relu/Relu;NOT_RUN;Relu;undef;0.000;0.000;
/layer2/layer2.2/conv2/Conv/WithoutBiases;EXECUTED;Convolution;brgconv_avx2_f32;3.470;3.470;
/layer2/layer2.2/relu_1/Relu;NOT_RUN;Relu;undef;0.000;0.000;
/layer2/layer2.2/conv3/Conv/WithoutBiases;EXECUTED;Convolution;brgconv_avx2_1x1_f32;1.709;1.709;
/layer2/layer2.2/Add;NOT_RUN;Add;undef;0.000;0.000;
/layer2/layer2.2/relu_2/Relu;NOT_RUN;Relu;undef;0.000;0.000;
/layer2/layer2.3/conv1/Conv/WithoutBiases;EXECUTED;Convolution;brgconv_avx2_1x1_f32;1.568;1.568;
/layer2/layer2.3/relu/Relu;NOT_RUN;Relu;undef;0.000;0.000;
/layer2/layer2.3/conv2/Conv/WithoutBiases;EXECUTED;Convolution;brgconv_avx2_f32;3.462;3.462;
/layer2/layer2.3/relu_1/Relu;NOT_RUN;Relu;undef;0.000;0.000;
/layer2/layer2.3/conv3/Conv/WithoutBiases;EXECUTED;Convolution;brgconv_avx2_1x1_f32;1.724;1.724;
/layer2/layer2.3/Add;NOT_RUN;Add;undef;0.000;0.000;
/layer2/layer2.3/relu_2/Relu;NOT_RUN;Relu;undef;0.000;0.000;
/layer3/layer3.0/conv1/Conv/WithoutBiases;EXECUTED;Convolution;brgconv_avx2_1x1_f32;2.910;2.910;
/layer3/layer3.0/relu/Relu;NOT_RUN;Relu;undef;0.000;0.000;
/layer3/layer3.0/conv2/Conv/WithoutBiases;EXECUTED;Convolution;brgconv_avx2_f32;3.373;3.373;
/layer3/layer3.0/relu_1/Relu;NOT_RUN;Relu;undef;0.000;0.000;
/layer3/layer3.0/downsample/downsample.0/Conv/WithoutBiases;EXECUTED;Convolution;brgconv_avx2_1x1_f32;3.201;3.201;
/layer3/layer3.0/conv3/Conv/WithoutBiases;EXECUTED;Convolution;brgconv_avx2_1x1_f32;1.658;1.658;
/layer3/layer3.0/Add;NOT_RUN;Add;undef;0.000;0.000;
/layer3/layer3.0/relu_2/Relu;NOT_RUN;Relu;undef;0.000;0.000;
/layer3/layer3.1/conv1/Conv/WithoutBiases;EXECUTED;Convolution;brgconv_avx2_1x1_f32;1.619;1.619;
/layer3/layer3.1/relu/Relu;NOT_RUN;Relu;undef;0.000;0.000;
/layer3/layer3.1/conv2/Conv/WithoutBiases;EXECUTED;Convolution;brgconv_avx2_f32;3.241;3.241;
/layer3/layer3.1/relu_1/Relu;NOT_RUN;Relu;undef;0.000;0.000;
/layer3/layer3.1/conv3/Conv/WithoutBiases;EXECUTED;Convolution;brgconv_avx2_1x1_f32;1.672;1.672;
/layer3/layer3.1/Add;NOT_RUN;Add;undef;0.000;0.000;
/layer3/layer3.1/relu_2/Relu;NOT_RUN;Relu;undef;0.000;0.000;
/layer3/layer3.2/conv1/Conv/WithoutBiases;EXECUTED;Convolution;brgconv_avx2_1x1_f32;1.618;1.618;
/layer3/layer3.2/relu/Relu;NOT_RUN;Relu;undef;0.000;0.000;
/layer3/layer3.2/conv2/Conv/WithoutBiases;EXECUTED;Convolution;brgconv_avx2_f32;3.237;3.237;
/layer3/layer3.2/relu_1/Relu;NOT_RUN;Relu;undef;0.000;0.000;
/layer3/layer3.2/conv3/Conv/WithoutBiases;EXECUTED;Convolution;brgconv_avx2_1x1_f32;1.685;1.685;
/layer3/layer3.2/Add;NOT_RUN;Add;undef;0.000;0.000;
/layer3/layer3.2/relu_2/Relu;NOT_RUN;Relu;undef;0.000;0.000;
/layer3/layer3.3/conv1/Conv/WithoutBiases;EXECUTED;Convolution;brgconv_avx2_1x1_f32;1.631;1.631;
/layer3/layer3.3/relu/Relu;NOT_RUN;Relu;undef;0.000;0.000;
/layer3/layer3.3/conv2/Conv/WithoutBiases;EXECUTED;Convolution;brgconv_avx2_f32;3.253;3.253;
/layer3/layer3.3/relu_1/Relu;NOT_RUN;Relu;undef;0.000;0.000;
/layer3/layer3.3/conv3/Conv/WithoutBiases;EXECUTED;Convolution;brgconv_avx2_1x1_f32;1.693;1.693;
/layer3/layer3.3/Add;NOT_RUN;Add;undef;0.000;0.000;
/layer3/layer3.3/relu_2/Relu;NOT_RUN;Relu;undef;0.000;0.000;
/layer3/layer3.4/conv1/Conv/WithoutBiases;EXECUTED;Convolution;brgconv_avx2_1x1_f32;1.665;1.665;
/layer3/layer3.4/relu/Relu;NOT_RUN;Relu;undef;0.000;0.000;
/layer3/layer3.4/conv2/Conv/WithoutBiases;EXECUTED;Convolution;brgconv_avx2_f32;3.228;3.228;
/layer3/layer3.4/relu_1/Relu;NOT_RUN;Relu;undef;0.000;0.000;
/layer3/layer3.4/conv3/Conv/WithoutBiases;EXECUTED;Convolution;brgconv_avx2_1x1_f32;1.686;1.686;
/layer3/layer3.4/Add;NOT_RUN;Add;undef;0.000;0.000;
/layer3/layer3.4/relu_2/Relu;NOT_RUN;Relu;undef;0.000;0.000;
/layer3/layer3.5/conv1/Conv/WithoutBiases;EXECUTED;Convolution;brgconv_avx2_1x1_f32;1.647;1.647;
/layer3/layer3.5/relu/Relu;NOT_RUN;Relu;undef;0.000;0.000;
/layer3/layer3.5/conv2/Conv/WithoutBiases;EXECUTED;Convolution;brgconv_avx2_f32;3.280;3.280;
/layer3/layer3.5/relu_1/Relu;NOT_RUN;Relu;undef;0.000;0.000;
/layer3/layer3.5/conv3/Conv/WithoutBiases;EXECUTED;Convolution;brgconv_avx2_1x1_f32;1.699;1.699;
/layer3/layer3.5/Add;NOT_RUN;Add;undef;0.000;0.000;
/layer3/layer3.5/relu_2/Relu;NOT_RUN;Relu;undef;0.000;0.000;
/layer4/layer4.0/conv1/Conv/WithoutBiases;EXECUTED;Convolution;brgconv_avx2_1x1_f32;3.111;3.111;
/layer4/layer4.0/relu/Relu;NOT_RUN;Relu;undef;0.000;0.000;
/layer4/layer4.0/conv2/Conv/WithoutBiases;EXECUTED;Convolution;brgconv_avx2_f32;3.486;3.486;
/layer4/layer4.0/relu_1/Relu;NOT_RUN;Relu;undef;0.000;0.000;
/layer4/layer4.0/downsample/downsample.0/Conv/WithoutBiases;EXECUTED;Convolution;brgconv_avx2_1x1_f32;3.259;3.259;
/layer4/layer4.0/conv3/Conv/WithoutBiases;EXECUTED;Convolution;brgconv_avx2_1x1_f32;1.715;1.715;
/layer4/layer4.0/Add;NOT_RUN;Add;undef;0.000;0.000;
/layer4/layer4.0/relu_2/Relu;NOT_RUN;Relu;undef;0.000;0.000;
/layer4/layer4.1/conv1/Conv/WithoutBiases;EXECUTED;Convolution;brgconv_avx2_1x1_f32;1.705;1.705;
/layer4/layer4.1/relu/Relu;NOT_RUN;Relu;undef;0.000;0.000;
/layer4/layer4.1/conv2/Conv/WithoutBiases;EXECUTED;Convolution;brgconv_avx2_f32;3.101;3.101;
/layer4/layer4.1/relu_1/Relu;NOT_RUN;Relu;undef;0.000;0.000;
/layer4/layer4.1/conv3/Conv/WithoutBiases;EXECUTED;Convolution;brgconv_avx2_1x1_f32;1.693;1.693;
/layer4/layer4.1/Add;NOT_RUN;Add;undef;0.000;0.000;
/layer4/layer4.1/relu_2/Relu;NOT_RUN;Relu;undef;0.000;0.000;
/layer4/layer4.2/conv1/Conv/WithoutBiases;EXECUTED;Convolution;brgconv_avx2_1x1_f32;1.696;1.696;
/layer4/layer4.2/relu/Relu;NOT_RUN;Relu;undef;0.000;0.000;
/layer4/layer4.2/conv2/Conv/WithoutBiases;EXECUTED;Convolution;brgconv_avx2_f32;3.098;3.098;
/layer4/layer4.2/relu_1/Relu;NOT_RUN;Relu;undef;0.000;0.000;
/layer4/layer4.2/conv3/Conv/WithoutBiases;EXECUTED;Convolution;brgconv_avx2_1x1_f32;1.703;1.703;
/layer4/layer4.2/Add;NOT_RUN;Add;undef;0.000;0.000;
/layer4/layer4.2/relu_2/Relu;NOT_RUN;Relu;undef;0.000;0.000;
/avgpool/GlobalAveragePool;EXECUTED;ReduceMean;jit_avx2_f32;0.106;0.106;
/avgpool/GlobalAveragePool_acdb_abcd_/Flatten;NOT_RUN;Reorder;reorder_f32;0.000;0.000;
/Flatten;NOT_RUN;Reshape;unknown_f32;0.000;0.000;
prob;EXECUTED;FullyConnected;gemm_mlas_f32;0.453;0.453;
prob/sink_port_0;NOT_RUN;Result;unknown_f32;0.000;0.000;
Total;;;;124.175;124.175;

